Date,Value
2018/4/23,8838.548333
2018/4/22,8807.205
2018/4/21,8852.718333
2018/4/20,8254.625
2018/4/19,8164.937426
2018/4/18,7895.416926
2018/4/17,8043.803333
2018/4/16,8340.748333
2018/4/15,8036.511051
2018/4/14,7895.408333
2018/4/13,7847.845
2018/4/12,6926.266667
2018/4/11,6787.571667
2018/4/10,6699.273333
2018/4/9,7017.656667
2018/4/8,6927.688
2018/4/7,6603.876667
2018/4/6,6826.51
2018/4/5,6787.761667
2018/4/4,7410.435
2018/4/3,7035.848333
2018/4/2,6794.105
2018/4/1,6935.48
2018/3/31,6882.531667
2018/3/30,7172.28
2018/3/29,7960.38
2018/3/28,7876.195
2018/3/27,8197.548333
2018/3/26,8617.296667
2018/3/25,8662.378333
2018/3/24,8686.826667
2018/3/23,8690.408333
2018/3/22,8947.753333
2018/3/21,8986.948333
2018/3/20,8412.033333
2018/3/19,8171.415
2018/3/18,7993.674644
2018/3/17,8530.402
2018/3/16,8358.121667
2018/3/15,8151.531667
2018/3/14,9154.7
2018/3/13,9182.843333
2018/3/12,9761.396667
2018/3/11,8746.002
2018/3/10,9089.278333
2018/3/9,9429.111667
2018/3/8,10118.058
2018/3/7,10763.19833
2018/3/6,11595.54
2018/3/5,11430.18167
2018/3/4,11326.94833
2018/3/3,11055.815
2018/3/2,11009.38167
2018/3/1,10370.165
2018/2/28,10763.88333
2018/2/27,10348.60333
2018/2/26,9696.593333
2018/2/25,9697.956
2018/2/24,10162.11667
2018/2/23,9931.071667
2018/2/22,10532.79167
2018/2/21,11390.39167
2018/2/20,11110.965
2018/2/19,10503.29833
2018/2/18,10841.99167
2018/2/17,10127.16167
2018/2/16,9977.154
2018/2/15,9334.633333
2018/2/14,8597.7675
2018/2/13,8811.343333
2018/2/12,8343.455
2018/2/11,8319.876566
2018/2/10,8535.516667
2018/2/9,8240.536667
2018/2/8,8099.958333
2018/2/7,7685.633333
2018/2/6,6838.816667
2018/2/5,8400.648333
2018/2/4,9076.678333
2018/2/3,8901.901667
2018/2/2,9083.258333
2018/2/1,10125.01333
2018/1/31,10184.06167
2018/1/30,11212.655
2018/1/29,11765.71
2018/1/28,11524.77667
2018/1/27,10969.815
2018/1/26,11214.44
2018/1/25,11282.25833
2018/1/24,11223.064
2018/1/23,10544.59333
2018/1/22,11505.228
2018/1/21,12950.79333
2018/1/20,11422.44
2018/1/19,11345.42333
2018/1/18,11116.94667
2018/1/17,11180.99833
2018/1/16,14012.196
2018/1/15,13852.92
2018/1/14,14499.77333
2018/1/13,13912.882
2018/1/12,13296.794
2018/1/11,15126.39833
2018/1/10,14714.25333
2018/1/9,15265.90667
2018/1/8,16651.47167
2018/1/7,17319.198
2018/1/6,17174.12
2018/1/5,15199.355
2018/1/4,15053.26167
2018/1/3,15005.85667
2018/1/2,13812.18667
2018/1/1,14165.575
2017/12/31,13215.574
2017/12/30,14640.14
2017/12/29,14380.58167
2017/12/28,15589.32167
2017/12/27,15999.04833
2017/12/26,14119.02833
2017/12/25,13949.175
2017/12/24,15360.26167
2017/12/23,15190.945
2017/12/22,16047.51
2017/12/21,16026.27167
2017/12/20,17737.11167
2017/12/19,18961.85667
2017/12/18,19289.785
2017/12/17,19498.68333
2017/12/16,17771.9
2017/12/15,16678.892
2017/12/14,16808.36667
2017/12/13,17276.39333
2017/12/12,16762.11667
2017/12/11,14869.805
2017/12/10,15142.83415
2017/12/9,16007.43667
2017/12/8,16501.97167
2017/12/7,13540.98
2017/12/6,11878.43333
2017/12/5,11584.83
2017/12/4,11332.622
2017/12/3,11071.36833
2017/12/2,10883.912
2017/12/1,10147.372
2017/11/30,9879.328333
2017/11/29,9952.50882
2017/11/28,9718.29505
2017/11/27,9284.1438
2017/11/26,8707.407267
2017/11/25,8250.978333
2017/11/24,8148.95
2017/11/23,8268.035
2017/11/22,8059.8
2017/11/21,8255.596817
2017/11/20,8007.654067
2017/11/19,7817.140383
2017/11/18,7786.884367
2017/11/17,7815.0307
2017/11/16,7301.42992
2017/11/15,6635.412633
2017/11/14,6550.227533
2017/11/13,5716.301583
2017/11/12,6362.851033
2017/11/11,6719.39785
2017/11/10,7158.03706
2017/11/9,7415.87825
2017/11/8,7092.127233
2017/11/7,6989.071667
2017/11/6,7377.012367
2017/11/5,7437.543317
2017/11/4,7197.72006
2017/11/3,7068.0201
2017/11/2,6665.306683
2017/11/1,6388.645167
2017/10/31,6105.87422
2017/10/30,6155.43402
2017/10/29,5776.69695
2017/10/28,5772.504983
2017/10/27,5893.138417
2017/10/26,5669.622533
2017/10/25,5505.827767
2017/10/24,5876.079867
2017/10/23,5983.18455
2017/10/22,6020.371683
2017/10/21,5979.45984
2017/10/20,5727.6335
2017/10/19,5546.1761
2017/10/18,5603.71294
2017/10/17,5711.205867
2017/10/16,5647.311667
2017/10/15,5739.438733
2017/10/14,5563.806567
2017/10/13,5325.130683
2017/10/12,4819.485767
2017/10/11,4782.28
2017/10/10,4777.967817
2017/10/9,4602.280883
2017/10/8,4376.191667
2017/10/7,4345.603333
2017/10/6,4338.852
2017/10/5,4225.175
2017/10/4,4293.3066
2017/10/3,4386.88375
2017/10/2,4360.722967
2017/10/1,4335.368317
2017/9/30,4193.574667
2017/9/29,4201.98905
2017/9/28,4202.554983
2017/9/27,3910.307383
2017/9/26,3942.555
2017/9/25,3703.04065
2017/9/24,3776.3869
2017/9/23,3637.50255
2017/9/22,3658.898183
2017/9/21,3977.561667
2017/9/20,3943.413333
2017/9/19,4093.316667
2017/9/18,3746.060783
2017/9/17,3763.62604
2017/9/16,3774.265283
2017/9/15,3319.63
2017/9/14,3961.271267
2017/9/13,4219.036617
2017/9/12,4248.090017
2017/9/11,4329.955
2017/9/10,4375.55952
2017/9/9,4310.750183
2017/9/8,4654.6585
2017/9/7,4641.822017
2017/9/6,4488.72014
2017/9/5,4344.098317
2017/9/4,4648.159983
2017/9/3,4580.38748
2017/9/2,4911.740017
2017/9/1,4748.255
2017/8/31,4594.98785
2017/8/30,4607.98545
2017/8/29,4391.673517
2017/8/28,4354.308333
2017/8/27,4360.513317
2017/8/26,4363.05445
2017/8/25,4340.316717
2017/8/24,4174.95
2017/8/23,4082.180983
2017/8/22,4043.722
2017/8/21,4157.958033
2017/8/20,4222.662214
2017/8/19,4130.440067
2017/8/18,4328.725717
2017/8/17,4360.876871
2017/8/16,4217.028329
2017/8/15,4282.992
2017/8/14,4125.54802
2017/8/13,3852.802914
2017/8/12,3632.506667
2017/8/11,3424.4042
2017/8/10,3357.326317
2017/8/9,3457.374333
2017/8/8,3407.226833
2017/8/7,3252.562533
2017/8/6,3218.115017
2017/8/5,2873.851083
2017/8/4,2794.117717
2017/8/3,2693.633983
2017/8/2,2710.413067
2017/8/1,2866.431667
2017/7/31,2745.955417
2017/7/30,2722.512786
2017/7/29,2781.636583
2017/7/28,2647.625
2017/7/27,2495.028586
2017/7/26,2560.997917
2017/7/25,2751.821029
2017/7/24,2725.549717
2017/7/23,2807.609857
2017/7/22,2682.195363
2017/7/21,2898.188417
2017/7/20,2264.7657
2017/7/19,2320.12225
2017/7/18,2176.623488
2017/7/17,1931.2143
2017/7/16,2058.9956
2017/7/15,2190.947833
2017/7/14,2354.783417
2017/7/13,2385.748571
2017/7/12,2369.862129
2017/7/11,2366.170143
2017/7/10,2536.238938
2017/7/9,2562.130663
2017/7/8,2491.201214
2017/7/7,2609.96775
2017/7/6,2619.187503
2017/7/5,2599.729838
2017/7/4,2561.225429
2017/7/3,2501.191343
2017/7/2,2434.077863
2017/7/1,2477.641375
2017/6/30,2544.414475
2017/6/29,2585.349186
2017/6/28,2517.903114
2017/6/27,2436.451057
2017/6/26,2512.366286
2017/6/25,2589.164888
2017/6/24,2710.412286
2017/6/23,2727.288013
2017/6/22,2671.04325
2017/6/21,2754.97825
2017/6/20,2617.210263
2017/6/19,2507.389252
2017/6/18,2665.927
2017/6/17,2464.959814
2017/6/16,2442.48025
2017/6/15,2447.041563
2017/6/14,2748.185086
2017/6/13,2657.675063
2017/6/12,2961.829613
2017/6/11,2845.372857
2017/6/10,2827.4913
2017/6/9,2792.999188
2017/6/8,2664.920863
2017/6/7,2883.313697
2017/6/6,2698.313813
2017/6/5,2516.173143
2017/6/4,2525.765158
2017/6/3,2446.142414
2017/6/2,2399.242671
2017/6/1,2285.933914
2017/5/31,2239.205343
2017/5/30,2275.9307
2017/5/29,2192.9808
2017/5/28,2014.052963
2017/5/27,2211.976857
2017/5/26,2387.206286
2017/5/25,2379.193833
2017/5/24,2287.710288
2017/5/23,2090.662313
2017/5/22,2046.534463
2017/5/21,2052.909788
2017/5/20,1961.520488
2017/5/19,1899.082888
2017/5/18,1807.485063
2017/5/17,1739.031975
2017/5/16,1723.126938
2017/5/15,1776.3165
2017/5/14,1771.920013
2017/5/13,1720.4785
2017/5/12,1820.990563
2017/5/11,1762.88625
2017/5/10,1721.284971
2017/5/9,1640.619225
2017/5/8,1535.868429
2017/5/7,1560.4102
2017/5/6,1533.335071
2017/5/5,1508.292125
2017/5/4,1507.576857
2017/5/3,1452.076288
2017/5/2,1417.172813
2017/5/1,1353.0045
2017/4/30,1334.979038
2017/4/29,1331.294429
2017/4/28,1345.353913
2017/4/27,1309.109875
2017/4/26,1279.414688
2017/4/25,1262.902775
2017/4/24,1257.988113
2017/4/23,1261.311225
2017/4/22,1258.361413
2017/4/21,1241.686325
2017/4/20,1217.930088
2017/4/19,1216.186743
2017/4/18,1205.634875
2017/4/17,1186.927413
2017/4/16,1184.880671
2017/4/15,1185.260057
2017/4/14,1180.023713
2017/4/13,1218.92205
2017/4/12,1226.617038
2017/4/11,1207.744875
2017/4/10,1208.8005
2017/4/9,1181.149838
2017/4/8,1190.45425
2017/4/7,1196.307938
2017/4/6,1133.079314
2017/4/5,1141.600363
2017/4/4,1141.813
2017/4/3,1099.169125
2017/4/2,1086.929571
2017/4/1,1079.549314
2017/3/31,1037.90455
2017/3/30,1040.5755
2017/3/29,1046.127625
2017/3/28,1037.22925
2017/3/27,956.7863125
2017/3/26,959.3400857
2017/3/25,941.9197143
2017/3/24,1038.789
2017/3/23,1028.726863
2017/3/22,1118.630043
2017/3/21,1049.084488
2017/3/20,1029.800813
2017/3/19,952.2323625
2017/3/18,1091.171888
2017/3/17,1180.945657
2017/3/16,1257.399625
2017/3/15,1245.370786
2017/3/14,1239.816225
2017/3/13,1227.494625
2017/3/12,1179.159875
2017/3/11,1098.617129
2017/3/10,1192.469143
2017/3/9,1157.3933
2017/3/8,1238.447
2017/3/7,1275.197375
2017/3/6,1270.9333
2017/3/5,1267.0272
2017/3/4,1285.14
2017/3/3,1259.410817
2017/3/2,1222.4994
2017/3/1,1187.565286
2017/2/28,1190.75195
2017/2/27,1175.04975
2017/2/26,1150.605714
2017/2/25,1174.86625
2017/2/24,1172.01715
2017/2/23,1123.223188
2017/2/22,1123.788429
2017/2/21,1084.755013
2017/2/20,1052.779286
2017/2/19,1056.637138
2017/2/18,1055.53685
2017/2/17,1035.208125
2017/2/16,1012.325988
2017/2/15,1011.78025
2017/2/14,999.877375
2017/2/13,1000.604625
2017/2/12,1008.846663
2017/2/11,999.1035
2017/2/10,976.103
2017/2/9,1052.376613
2017/2/8,1050.11
2017/2/7,1024.01375
2017/2/6,1014.837725
2017/2/5,1030.999413
2017/2/4,1013.027
2017/2/3,1007.613713
2017/2/2,979.703875
2017/2/1,964.706075
2017/1/31,921.179325
2017/1/30,915.933
2017/1/29,920.31225
2017/1/28,919.27975
2017/1/27,915.95625
2017/1/26,893.045625
2017/1/25,890.320225
2017/1/24,922.0736125
2017/1/23,918.603625
2017/1/22,920.4479
2017/1/21,893.6210875
2017/1/20,895.798875
2017/1/19,874.99
2017/1/18,903.84
2017/1/17,830.5
2017/1/16,822.2
2017/1/15,817.91
2017/1/14,826.29
2017/1/13,803.37
2017/1/12,785.22
2017/1/11,906.05
2017/1/10,894.18
2017/1/9,908.14
2017/1/8,896.83
2017/1/7,883.09
2017/1/6,994.67
2017/1/5,1126.76
2017/1/4,1023.14
2017/1/3,1015.97
2017/1/2,997.72
2017/1/1,959.87
2016/12/31,952.15
2016/12/30,963.38
2016/12/29,967.48
2016/12/28,930.37
2016/12/27,897.33
2016/12/26,886.9
2016/12/25,891.61
2016/12/24,901.31
2016/12/23,860.59
2016/12/22,824.21
2016/12/21,793.09
2016/12/20,789.52
2016/12/19,788.4
2016/12/18,788.7
2016/12/17,781.56
2016/12/16,776.75
2016/12/15,774.89
2016/12/14,778.49
2016/12/13,777
2016/12/12,777
2016/12/11,773.4
2016/12/10,770.02
2016/12/9,769.72
2016/12/8,766.11
2016/12/7,756.62
2016/12/6,754.63
2016/12/5,764.81
2016/12/4,764.33
2016/12/3,772.43
2016/12/2,752.24
2016/12/1,742.69
2016/11/30,732.71
2016/11/29,733.05
2016/11/28,727.96
2016/11/27,733.67
2016/11/26,739.78
2016/11/25,737.45
2016/11/24,741.63
2016/11/23,748.74
2016/11/22,738.53
2016/11/21,729.06
2016/11/20,750.03
2016/11/19,747.52
2016/11/18,736.96
2016/11/17,736.91
2016/11/16,710.91
2016/11/15,706.46
2016/11/14,701.9
2016/11/13,703.71
2016/11/12,715.45
2016/11/11,713.69
2016/11/10,720.93
2016/11/9,708.97
2016/11/8,703.81
2016/11/7,712
2016/11/6,704.79
2016/11/5,703.69
2016/11/4,686.17
2016/11/3,733.33
2016/11/2,728.2
2016/11/1,702
2016/10/31,698
2016/10/30,714.89
2016/10/29,687.68
2016/10/28,682.22
2016/10/27,672.22
2016/10/26,655.31
2016/10/25,651.39
2016/10/24,653
2016/10/23,655.48
2016/10/22,631.92
2016/10/21,630.22
2016/10/20,629.25
2016/10/19,636.29
2016/10/18,638.18
2016/10/17,641.42
2016/10/16,637.94
2016/10/15,639.56
2016/10/14,635.96
2016/10/13,635.01
2016/10/12,639.3
2016/10/11,617.54
2016/10/10,615.65
2016/10/9,618.04
2016/10/8,617.21
2016/10/7,612.08
2016/10/6,612.35
2016/10/5,609.62
2016/10/4,611.85
2016/10/3,610.51
2016/10/2,614.82
2016/10/1,609.39
2016/9/30,606.36
2016/9/29,605.67
2016/9/28,605.96
2016/9/27,608.14
2016/9/26,601.74
2016/9/25,603.88
2016/9/24,604.22
2016/9/23,597.42
2016/9/22,598.88
2016/9/21,609.74
2016/9/20,610.19
2016/9/19,611.58
2016/9/18,608
2016/9/17,609.11
2016/9/16,610.38
2016/9/15,612.08
2016/9/14,610.92
2016/9/13,609.67
2016/9/12,608.15
2016/9/11,625.76
2016/9/10,625.07
2016/9/9,627.77
2016/9/8,614.46
2016/9/7,611.09
2016/9/6,608.1
2016/9/5,610.59
2016/9/4,600.88
2016/9/3,576.21
2016/9/2,572.81
2016/9/1,574.82
2016/8/31,578.61
2016/8/30,575.22
2016/8/29,576.53
2016/8/28,571.54
2016/8/27,581.07
2016/8/26,579.86
2016/8/25,582.84
2016/8/24,586.18
2016/8/23,588.97
2016/8/22,582.82
2016/8/21,583.2
2016/8/20,576.65
2016/8/19,576.03
2016/8/18,575.51
2016/8/17,581.11
2016/8/16,570.14
2016/8/15,570.97
2016/8/14,586.43
2016/8/13,587.75
2016/8/12,589.24
2016/8/11,592.18
2016/8/10,588.77
2016/8/9,592.69
2016/8/8,594.27
2016/8/7,588.23
2016/8/6,576.55
2016/8/5,577.31
2016/8/4,565.05
2016/8/3,515.06
2016/8/2,606.32
2016/8/1,628.01
2016/7/31,654.73
2016/7/30,656.88
2016/7/29,655.32
2016/7/28,654.98
2016/7/27,655.06
2016/7/26,654.69
2016/7/25,661.41
2016/7/24,655.84
2016/7/23,651.58
2016/7/22,664.88
2016/7/21,665.64
2016/7/20,672.84
2016/7/19,673.2
2016/7/18,675.45
2016/7/17,662.15
2016/7/16,664.57
2016/7/15,658.83
2016/7/14,657.45
2016/7/13,672.76
2016/7/12,647.98
2016/7/11,648.09
2016/7/10,651.86
2016/7/9,659.55
2016/7/8,636.35
2016/7/7,673.78
2016/7/6,666.48
2016/7/5,676.32
2016/7/4,658.41
2016/7/3,701.71
2016/7/2,675.18
2016/7/1,671.4
2016/6/30,637.95
2016/6/29,646.37
2016/6/28,646.7
2016/6/27,627.39
2016/6/26,664.9
2016/6/25,660.6
2016/6/24,624.54
2016/6/23,587.45
2016/6/22,665.95
2016/6/21,729.19
2016/6/20,760.81
2016/6/19,754.36
2016/6/18,743.91
2016/6/17,762.43
2016/6/16,692.28
2016/6/15,685.24
2016/6/14,702.0665
2016/6/13,664.8465
2016/6/12,594.4399875
2016/6/11,577.549875
2016/6/10,575.2941375
2016/6/9,578.68
2016/6/8,577.54
2016/6/7,584.5
2016/6/6,574.02
2016/6/5,573.74
2016/6/4,568
2016/6/3,539.99
2016/6/2,539.47
2016/6/1,531.15
2016/5/31,525.15
2016/5/30,512.16
2016/5/29,522.43
2016/5/28,470.29
2016/5/27,452.49
2016/5/26,447.94
2016/5/25,445.34
2016/5/24,442.17
2016/5/23,438
2016/5/22,443.89
2016/5/21,441.25
2016/5/20,441.87
2016/5/19,452.9
2016/5/18,452.89
2016/5/17,454.88
2016/5/16,457.08
2016/5/15,455.65
2016/5/14,456.82
2016/5/13,454.7
2016/5/12,452.51
2016/5/11,450
2016/5/10,461.63
2016/5/9,457.82
2016/5/8,459.04
2016/5/7,460.91
2016/5/6,448.51
2016/5/5,447.37
2016/5/4,450.96
2016/5/3,443.9
2016/5/2,451.9
2016/5/1,447.17
2016/4/30,456.16
2016/4/29,450
2016/4/28,447.31
2016/4/27,467.98
2016/4/26,463.86
2016/4/25,459.4
2016/4/24,451.29
2016/4/23,447.25
2016/4/22,451
2016/4/21,442.34
2016/4/20,435.91
2016/4/19,427.28
2016/4/18,425.71
2016/4/17,429.43
2016/4/16,429.09
2016/4/15,423.76
2016/4/14,424.61
2016/4/13,425.89
2016/4/12,420.69
2016/4/11,421.63
2016/4/10,417.73
2016/4/9,422.2
2016/4/8,420.33
2016/4/7,421.09
2016/4/6,421.77
2016/4/5,418.99
2016/4/4,418.07
2016/4/3,418.07
2016/4/2,416.25
2016/4/1,416.94
2016/3/31,412.35
2016/3/30,414
2016/3/29,422.96
2016/3/28,426.8
2016/3/27,415.71
2016/3/26,416.44
2016/3/25,416.47
2016/3/24,417.8
2016/3/23,415.35
2016/3/22,410.49
2016/3/21,410.77
2016/3/20,405.59
2016/3/19,408.87
2016/3/18,418.64
2016/3/17,415.99
2016/3/16,414.78
2016/3/15,414.78
2016/3/14,413.89
2016/3/13,412.44
2016/3/12,421.22
2016/3/11,416
2016/3/10,413.1
2016/3/9,412.39
2016/3/8,411.94
2016/3/7,408.86
2016/3/6,401
2016/3/5,416.48
2016/3/4,421.44
2016/3/3,429.99
2016/3/2,431.87
2016/3/1,436.18
2016/2/29,433.47
2016/2/28,432
2016/2/27,424.34
2016/2/26,421.4
2016/2/25,423.1
2016/2/24,417
2016/2/23,438.5
2016/2/22,434.67
2016/2/21,439.48
2016/2/20,418.02
2016/2/19,418.97
2016/2/18,418.04
2016/2/17,406.69
2016/2/16,402.64
2016/2/15,402.38
2016/2/14,388.6
2016/2/13,381.46
2016/2/12,376.75
2016/2/11,378.98
2016/2/10,372.61
2016/2/9,375.8
2016/2/8,373.74
2016/2/7,373.04
2016/2/6,386.49
2016/2/5,385.06
2016/2/4,368.38
2016/2/3,373.48
2016/2/2,372
2016/2/1,376.86
2016/1/31,378.24
2016/1/30,377.26
2016/1/29,382.44
2016/1/28,394.45
2016/1/27,394.12
2016/1/26,387.09
2016/1/25,404.75
2016/1/24,388.5
2016/1/23,385.7
2016/1/22,408
2016/1/21,408.33
2016/1/20,378.66
2016/1/19,385.28
2016/1/18,385.45
2016/1/17,370.4
2016/1/16,391.62
2016/1/15,431.9
2016/1/14,429.57
2016/1/13,446.66
2016/1/12,447.11
2016/1/11,446.24
2016/1/10,450.15
2016/1/9,447.04
2016/1/8,453.71
2016/1/7,430.75
2016/1/6,431.9
2016/1/5,433
2016/1/4,428.13
2016/1/3,433.94
2016/1/2,432.33
2016/1/1,429.34
2015/12/31,428
2015/12/30,431.13
2015/12/29,423.98
2015/12/28,418.46
2015/12/27,417.99
2015/12/26,454.98
2015/12/25,453.95
2015/12/24,441.4
2015/12/23,435.98
2015/12/22,438.7
2015/12/21,434.98
2015/12/20,461.16
2015/12/19,458.95
2015/12/18,453.39
2015/12/17,454.43
2015/12/16,459.48
2015/12/15,445.6
2015/12/14,438.79
2015/12/13,426.06
2015/12/12,444.29
2015/12/11,415.64
2015/12/10,414.01
2015/12/9,394.99
2015/12/8,395.58
2015/12/7,390.04
2015/12/6,390.04
2015/12/5,377.72
2015/12/4,362.49
2015/12/3,360.98
2015/12/2,359.32
2015/12/1,372.53
2015/11/30,363.98
2015/11/29,353.88
2015/11/28,359.54
2015/11/27,348
2015/11/26,325
2015/11/25,321.1
2015/11/24,324.49
2015/11/23,322.33
2015/11/22,325.56
2015/11/21,320.62
2015/11/20,329
2015/11/19,334.46
2015/11/18,335.95
2015/11/17,329.32
2015/11/16,322.33
2015/11/15,331.9
2015/11/14,332.2
2015/11/13,331.6
2015/11/12,309.9
2015/11/11,353.58
2015/11/10,378.8
2015/11/9,381.51
2015/11/8,387.38
2015/11/7,388.38
2015/11/6,400
2015/11/5,437.05
2015/11/4,409
2015/11/3,340.69
2015/11/2,311.5
2015/11/1,310.92
2015/10/31,329.2
2015/10/30,310.36
2015/10/29,298.95
2015/10/28,294.73
2015/10/27,284.95
2015/10/26,295.01
2015/10/25,279.9
2015/10/24,277.43
2015/10/23,273.95
2015/10/22,269.1
2015/10/21,269.8
2015/10/20,264.16
2015/10/19,262.44
2015/10/18,262.44
2015/10/17,269.07
2015/10/16,262.31
2015/10/15,254.73
2015/10/14,254.6
2015/10/13,249.58
2015/10/12,246.63
2015/10/11,248.08
2015/10/10,245.79
2015/10/9,244.78
2015/10/8,243.91
2015/10/7,245.25
2015/10/6,246.67
2015/10/5,239.22
2015/10/4,239.47
2015/10/3,239.17
2015/10/2,237.78
2015/10/1,238.98
2015/9/30,237.91
2015/9/29,237.68
2015/9/28,238.94
2015/9/27,232.85
2015/9/26,235.79
2015/9/25,233.9
2015/9/24,229.95
2015/9/23,229.43
2015/9/22,226.56
2015/9/21,230.2
2015/9/20,230.71
2015/9/19,232.99
2015/9/18,234
2015/9/17,227.86
2015/9/16,230
2015/9/15,230.88
2015/9/14,229.86
2015/9/13,235.13
2015/9/12,239.93
2015/9/11,239.68
2015/9/10,240.08
2015/9/9,243.08
2015/9/8,241.31
2015/9/7,240.2
2015/9/6,234.67
2015/9/5,230.8
2015/9/4,227.42
2015/9/3,230.68
2015/9/2,228.32
2015/9/1,230.94
2015/8/31,226.47
2015/8/30,228.22
2015/8/29,234.17
2015/8/28,228.27
2015/8/27,228.84
2015/8/26,222.02
2015/8/25,213.24
2015/8/24,228.68
2015/8/23,226.04
2015/8/22,233.59
2015/8/21,233.23
2015/8/20,233.29
2015/8/19,253.91
2015/8/18,257.45
2015/8/17,257.47
2015/8/16,257.47
2015/8/15,265.41
2015/8/14,266.99
2015/8/13,265.97
2015/8/12,267.89
2015/8/11,265.85
2015/8/10,264.07
2015/8/9,265.42
2015/8/8,269.89
2015/8/7,279.39
2015/8/6,277.1
2015/8/5,282.69
2015/8/4,285
2015/8/3,284.39
2015/8/2,280.69
2015/8/1,280.72
2015/7/31,284.78
2015/7/30,287.56
2015/7/29,290.7
2015/7/28,295.24
2015/7/27,290.79
2015/7/26,292.33
2015/7/25,287.12
2015/7/24,287.3
2015/7/23,276.64
2015/7/22,277.54
2015/7/21,278.97
2015/7/20,278.26
2015/7/19,276.09
2015/7/18,278.08
2015/7/17,277.99
2015/7/16,275.76
2015/7/15,290.95
2015/7/14,292.87
2015/7/13,289.9
2015/7/12,309.3
2015/7/11,293.5
2015/7/10,286.98
2015/7/9,270.68
2015/7/8,269.68
2015/7/7,267.26
2015/7/6,273.37
2015/7/5,270.92
2015/7/4,257.92
2015/7/3,255.1
2015/7/2,255.06
2015/7/1,257.85
2015/6/30,262.53
2015/6/29,253.8
2015/6/28,248.76
2015/6/27,248.5
2015/6/26,241.19
2015/6/25,241.92
2015/6/24,240.64
2015/6/23,243.92
2015/6/22,246.35
2015/6/21,242.47
2015/6/20,244.08
2015/6/19,246.45
2015/6/18,248.25
2015/6/17,249.96
2015/6/16,245.35
2015/6/15,236.46
2015/6/14,232.05
2015/6/13,230.22
2015/6/12,229.98
2015/6/11,229
2015/6/10,228.01
2015/6/9,230.1
2015/6/8,228
2015/6/7,222.6
2015/6/6,224.49
2015/6/5,224.15
2015/6/4,225.54
2015/6/3,226.29
2015/6/2,224.83
2015/6/1,222.4
2015/5/31,231.95
2015/5/30,231.12
2015/5/29,235.87
2015/5/28,236.48
2015/5/27,235
2015/5/26,235.94
2015/5/25,235.65
2015/5/24,240.46
2015/5/23,238.77
2015/5/22,240.5
2015/5/21,236
2015/5/20,234.6
2015/5/19,232.04
2015/5/18,236.45
2015/5/17,235.78
2015/5/16,236.63
2015/5/15,237.6
2015/5/14,238.32
2015/5/13,242.72
2015/5/12,241.51
2015/5/11,244.19
2015/5/10,239.35
2015/5/9,241.08
2015/5/8,244.72
2015/5/7,233.99
2015/5/6,235.79
2015/5/5,234.66
2015/5/4,236.17
2015/5/3,240.51
2015/5/2,234.13
2015/5/1,233.43
2015/4/30,235.13
2015/4/29,225.69
2015/4/28,222.66
2015/4/27,222.59
2015/4/26,218.42
2015/4/25,228.6
2015/4/24,230.93
2015/4/23,235.48
2015/4/22,237.34
2015/4/21,224.88
2015/4/20,224.63
2015/4/19,225.72
2015/4/18,222.32
2015/4/17,222.67
2015/4/16,229.62
2015/4/15,218.96
2015/4/14,216
2015/4/13,225.99
2015/4/12,236.76
2015/4/11,236.7
2015/4/10,235.71
2015/4/9,244.98
2015/4/8,245.89
2015/4/7,255.48
2015/4/6,254.7
2015/4/5,257.03
2015/4/4,253.77
2015/4/3,254.39
2015/4/2,252.44
2015/4/1,242.7
2015/3/31,242.92
2015/3/30,245.18
2015/3/29,244.05
2015/3/28,251.52
2015/3/27,248.63
2015/3/26,251.98
2015/3/25,245.68
2015/3/24,247.83
2015/3/23,266.07
2015/3/22,260.5
2015/3/21,257.83
2015/3/20,259.8
2015/3/19,260.62
2015/3/18,265.85
2015/3/17,287.02
2015/3/16,290.88
2015/3/15,283.57
2015/3/14,284.21
2015/3/13,289.51
2015/3/12,297.39
2015/3/11,293.29
2015/3/10,294.06
2015/3/9,287.48
2015/3/8,273.87
2015/3/7,275.83
2015/3/6,272.12
2015/3/5,265.63
2015/3/4,281.65
2015/3/3,275.8
2015/3/2,263.81
2015/3/1,247.56
2015/2/28,252.98
2015/2/27,254
2015/2/26,237.5
2015/2/25,238.59
2015/2/24,240.1
2015/2/23,237.09
2015/2/22,236
2015/2/21,245.66
2015/2/20,243.56
2015/2/19,241.59
2015/2/18,234.87
2015/2/17,244
2015/2/16,235.86
2015/2/15,243.99
2015/2/14,245.31
2015/2/13,239.94
2015/2/12,221.83
2015/2/11,221.99
2015/2/10,220.16
2015/2/9,220.39
2015/2/8,223.5
2015/2/7,225.16
2015/2/6,220.47
2015/2/5,217.37
2015/2/4,222.56
2015/2/3,236.51
2015/2/2,223
2015/2/1,220.72
2015/1/31,229.7
2015/1/30,230.11
2015/1/29,233.19
2015/1/28,249.25
2015/1/27,266.03
2015/1/26,271.47
2015/1/25,247.11
2015/1/24,244.64
2015/1/23,233.03
2015/1/22,233.9
2015/1/21,215.2
2015/1/20,212.99
2015/1/19,212.39
2015/1/18,211.18
2015/1/17,197.12
2015/1/16,205.35
2015/1/15,218.11
2015/1/14,176.5
2015/1/13,230.89
2015/1/12,270
2015/1/11,272.25
2015/1/10,278
2015/1/9,276.8
2015/1/8,276.8
2015/1/7,276.8
2015/1/6,276.8
2015/1/5,276.8
2015/1/4,270.93
2015/1/3,302.33
2015/1/2,316.15
2015/1/1,315.7
2014/12/31,317.4
2014/12/30,313.09
2014/12/29,314.49
2014/12/28,317.5
2014/12/27,314.45
2014/12/26,328.09
2014/12/25,319.31
2014/12/24,327.59
2014/12/23,336.96
2014/12/22,332.53
2014/12/21,326.93
2014/12/20,325.7
2014/12/19,317.63
2014/12/18,317.7
2014/12/17,318.2
2014/12/16,336.73
2014/12/15,352.15
2014/12/14,353.28
2014/12/13,350.31
2014/12/12,355.08
2014/12/11,356.1
2014/12/10,350.97
2014/12/9,350.29
2014/12/8,367.01
2014/12/7,375.73
2014/12/6,374.05
2014/12/5,373.98
2014/12/4,371.67
2014/12/3,378.25
2014/12/2,381.93
2014/12/1,381.72
2014/11/30,375.96
2014/11/29,377.22
2014/11/28,376.12
2014/11/27,372.62
2014/11/26,371.44
2014/11/25,381.03
2014/11/24,384
2014/11/23,362.99
2014/11/22,359.8
2014/11/21,356.9
2014/11/20,361.7
2014/11/19,374.77
2014/11/18,379.91
2014/11/17,378.48
2014/11/16,383.65
2014/11/15,373.14
2014/11/14,396.56
2014/11/13,406.56
2014/11/12,430.07
2014/11/11,365.04
2014/11/10,375.87
2014/11/9,356.34
2014/11/8,345.84
2014/11/7,342.26
2014/11/6,347.96
2014/11/5,341.99
2014/11/4,328.72
2014/11/3,325.81
2014/11/2,326.41
2014/11/1,327.39
2014/10/31,340.95
2014/10/30,337
2014/10/29,343.53
2014/10/28,354.94
2014/10/27,356.5
2014/10/26,355.43
2014/10/25,348.89
2014/10/24,358.46
2014/10/23,363.99
2014/10/22,385.1
2014/10/21,387
2014/10/20,384.95
2014/10/19,388.99
2014/10/18,389.68
2014/10/17,382.83
2014/10/16,378.02
2014/10/15,394
2014/10/14,411.89
2014/10/13,381.46
2014/10/12,364.83
2014/10/11,359.99
2014/10/10,358.97
2014/10/9,378.94
2014/10/8,346.26
2014/10/7,330.7
2014/10/6,331.2
2014/10/5,293.67
2014/10/4,336
2014/10/3,363.75
2014/10/2,375.85
2014/10/1,385.27
2014/9/30,382.67
2014/9/29,381.94
2014/9/28,380
2014/9/27,400.74
2014/9/26,405.14
2014/9/25,408.08
2014/9/24,431.91
2014/9/23,423
2014/9/22,400.98
2014/9/21,406.3
2014/9/20,415.56
2014/9/19,398.89
2014/9/18,428.19
2014/9/17,448
2014/9/16,468
2014/9/15,475.3
2014/9/14,475.49
2014/9/13,479.86
2014/9/12,470.43
2014/9/11,469
2014/9/10,485.03
2014/9/9,466.48
2014/9/8,476.61
2014/9/7,480.62
2014/9/6,481.09
2014/9/5,485.91
2014/9/4,486
2014/9/3,472.76
2014/9/2,483.65
2014/9/1,482.59
2014/8/31,477.98
2014/8/30,503.88
2014/8/29,511.99
2014/8/28,509.39
2014/8/27,514.84
2014/8/26,512.79
2014/8/25,503.79
2014/8/24,510.75
2014/8/23,503.88
2014/8/22,518.25
2014/8/21,525.78
2014/8/20,507.3
2014/8/19,487.5
2014/8/18,468.19
2014/8/17,491.88
2014/8/16,509
2014/8/15,498.16
2014/8/14,521.66
2014/8/13,550.14
2014/8/12,569.54
2014/8/11,578.97
2014/8/10,588.99
2014/8/9,588.61
2014/8/8,589.3
2014/8/7,587.24
2014/8/6,581.6
2014/8/5,580.21
2014/8/4,593.94
2014/8/3,589.79
2014/8/2,591.59
2014/8/1,601.94
2014/7/31,586
2014/7/30,573.48
2014/7/29,581.5
2014/7/28,586.96
2014/7/27,592.51
2014/7/26,595.88
2014/7/25,602.59
2014/7/24,601.18
2014/7/23,622.01
2014/7/22,621.03
2014/7/21,619.14
2014/7/20,623.77
2014/7/19,630.92
2014/7/18,629.86
2014/7/17,626
2014/7/16,619.48
2014/7/15,623.17
2014/7/14,622.8
2014/7/13,630.9
2014/7/12,631.98
2014/7/11,630.31
2014/7/10,619.78
2014/7/9,624.84
2014/7/8,623.7
2014/7/7,621.98
2014/7/6,634.49
2014/7/5,632.78
2014/7/4,635.49
2014/7/3,644.04
2014/7/2,654
2014/7/1,654.45
2014/6/30,620
2014/6/29,596
2014/6/28,597.08
2014/6/27,588.97
2014/6/26,569
2014/6/25,567
2014/6/24,585.54
2014/6/23,591.5
2014/6/22,596.08
2014/6/21,590.99
2014/6/20,593.33
2014/6/19,604.32
2014/6/18,604.6
2014/6/17,597.65
2014/6/16,595
2014/6/15,560.49
2014/6/14,557.92
2014/6/13,582
2014/6/12,617
2014/6/11,639.99
2014/6/10,649.89
2014/6/9,650.93
2014/6/8,652
2014/6/7,654.3
2014/6/6,655.75
2014/6/5,658.72
2014/6/4,644.66
2014/6/3,673.9
2014/6/2,631.49
2014/6/1,674.98
2014/5/31,620.45
2014/5/30,609.03
2014/5/29,568
2014/5/28,574.33
2014/5/27,581.87
2014/5/26,584
2014/5/25,575
2014/5/24,521.52
2014/5/23,527.47
2014/5/22,523.84
2014/5/21,494.87
2014/5/20,485.01
2014/5/19,446.42
2014/5/18,447.14
2014/5/17,449.08
2014/5/16,449.51
2014/5/15,448.99
2014/5/14,447.49
2014/5/13,438.95
2014/5/12,441.5
2014/5/11,435
2014/5/10,452.42
2014/5/9,452.02
2014/5/8,441.5
2014/5/7,446.65
2014/5/6,430.33
2014/5/5,427.83
2014/5/4,436.21
2014/5/3,434.5
2014/5/2,447.51
2014/5/1,460.01
2014/4/30,449
2014/4/29,447.7
2014/4/28,447
2014/4/27,440.1
2014/4/26,463.88
2014/4/25,459.15
2014/4/24,491.6
2014/4/23,487.3
2014/4/22,493.33
2014/4/21,496.5
2014/4/20,500.19
2014/4/19,499.9
2014/4/18,479.98
2014/4/17,495
2014/4/16,511.5
2014/4/15,489.91
2014/4/14,453.14
2014/4/13,405
2014/4/12,424.98
2014/4/11,427.99
2014/4/10,401
2014/4/9,443.1
2014/4/8,454.07
2014/4/7,447.74
2014/4/6,459.67
2014/4/5,451.84
2014/4/4,446.01
2014/4/3,446.31
2014/4/2,445
2014/4/1,479.51
2014/3/31,457
2014/3/30,449.02
2014/3/29,499.94
2014/3/28,503
2014/3/27,520.2
2014/3/26,585.7
2014/3/25,580.02
2014/3/24,572
2014/3/23,567.13
2014/3/22,557
2014/3/21,579.99
2014/3/20,590
2014/3/19,608.41
2014/3/18,627
2014/3/17,624.7
2014/3/16,634.94
2014/3/15,636.29
2014/3/14,636.47
2014/3/13,642.61
2014/3/12,642.1
2014/3/11,622.9
2014/3/10,621.99
2014/3/9,637.99
2014/3/8,609
2014/3/7,621.3
2014/3/6,657.02
2014/3/5,664.85
2014/3/4,677.61
2014/3/3,666.5
2014/3/2,559.88
2014/3/1,571.5
2014/2/28,577.97
2014/2/27,585.17
2014/2/26,585.38
2014/2/25,528
2014/2/24,545
2014/2/23,626.77
2014/2/22,603.98
2014/2/21,566.16
2014/2/20,582.7
2014/2/19,623.93
2014/2/18,626.77
2014/2/17,642
2014/2/16,623.5
2014/2/15,651.42
2014/2/14,672.1
2014/2/13,633.99
2014/2/12,667.01
2014/2/11,670
2014/2/10,665
2014/2/9,710
2014/2/8,707
2014/2/7,742.78
2014/2/6,778
2014/2/5,800
2014/2/4,809.05
2014/2/3,813.8
2014/2/2,819.57
2014/2/1,815.99
2014/1/31,802.5
2014/1/30,799.37
2014/1/29,803.6
2014/1/28,800.2
2014/1/27,777
2014/1/26,826.77
2014/1/25,806
2014/1/24,789.1
2014/1/23,813.02
2014/1/22,813.05
2014/1/21,822.56
2014/1/20,831.72
2014/1/19,833
2014/1/18,801.53
2014/1/17,793
2014/1/16,830.9
2014/1/15,847.7
2014/1/14,820.75
2014/1/13,807.83
2014/1/12,851
2014/1/11,891.85
2014/1/10,827.46
2014/1/9,809.17
2014/1/8,825.29
2014/1/7,867.38
2014/1/6,934.21
2014/1/5,896
2014/1/4,822.38
2014/1/3,806.21
2014/1/2,758.01
2014/1/1,746.9
2013/12/31,731
2013/12/30,739.1
2013/12/29,714.79
2013/12/28,701.61
2013/12/27,715.51
2013/12/26,734.42
2013/12/25,658.07
2013/12/24,647.27
2013/12/23,639.9
2013/12/22,637
2013/12/21,612.5
2013/12/20,660
2013/12/19,653
2013/12/18,576.16
2013/12/17,702.05
2013/12/16,709
2013/12/15,848.17
2013/12/14,864.7
2013/12/13,874
2013/12/12,845.75
2013/12/11,886.2
2013/12/10,936.98
2013/12/9,871
2013/12/8,722.99
2013/12/7,727.29
2013/12/6,894
2013/12/5,1028.34
2013/12/4,1151
2013/12/3,1060
2013/12/2,992.27
2013/12/1,970
2013/11/30,1119.96
2013/11/29,1083.9
2013/11/28,1009
2013/11/27,961
2013/11/26,844.9
2013/11/25,814
2013/11/24,833.16
2013/11/23,837.99
2013/11/22,761
2013/11/21,694.95
2013/11/20,595
2013/11/19,559.99
2013/11/18,583.16
2013/11/17,463
2013/11/16,433.53
2013/11/15,428.24
2013/11/14,416.5
2013/11/13,391.64
2013/11/12,353.95
2013/11/11,339.38
2013/11/10,296.91
2013/11/9,359.76
2013/11/8,325.56
2013/11/7,292.32
2013/11/6,258.23
2013/11/5,246.63
2013/11/4,225.1
2013/11/3,206.85
2013/11/2,204.15
2013/11/1,203.24
2013/10/31,201.61
2013/10/30,203.39
2013/10/29,202.09
2013/10/28,196.25
2013/10/27,189.06
2013/10/26,179.71
2013/10/25,172.81
2013/10/24,195.78
2013/10/23,199.95
2013/10/22,191.78
2013/10/21,177.07
2013/10/20,165.71
2013/10/19,165.05
2013/10/18,150.59
2013/10/17,143.33
2013/10/16,141.83
2013/10/15,139.24
2013/10/14,135.69
2013/10/13,129.74
2013/10/12,127.53
2013/10/11,126.84
2013/10/10,126.43
2013/10/9,126.08
2013/10/8,123.84
2013/10/7,123.6
2013/10/6,121.6
2013/10/5,121.51
2013/10/4,122
2013/10/3,116.95
2013/10/2,104.47
2013/10/1,127.11
2013/9/30,125.8
2013/9/29,128.1
2013/9/28,126.5
2013/9/27,125.6
2013/9/26,123.85
2013/9/25,124.18
2013/9/24,122.59
2013/9/23,123.02
2013/9/22,122.78
2013/9/21,123.5
2013/9/20,123.98
2013/9/19,124.1
2013/9/18,127.23
2013/9/17,127.56
2013/9/16,126.02
2013/9/15,125.46
2013/9/14,124.32
2013/9/13,128.29
2013/9/12,128.45
2013/9/11,124.1
2013/9/10,123.39
2013/9/9,121.66
2013/9/8,118.51
2013/9/7,120.15
2013/9/6,122.44
2013/9/5,124.51
2013/9/4,126.74
2013/9/3,130.45
2013/9/2,131.03
2013/9/1,130.82
2013/8/31,132.75
2013/8/30,124.79
2013/8/29,119.48
2013/8/28,119.25
2013/8/27,117.52
2013/8/26,111.8
2013/8/25,112.9
2013/8/24,108.79
2013/8/23,107.48
2013/8/22,111.01
2013/8/21,109.75
2013/8/20,104.59
2013/8/19,102.07
2013/8/18,99.02
2013/8/17,98.39
2013/8/16,98.51
2013/8/15,98.28
2013/8/14,100.03
2013/8/13,107.29884
2013/8/12,104.99498
2013/8/11,103.85001
2013/8/10,102.61802
2013/8/9,102.3
2013/8/8,101.9
2013/8/7,105.6
2013/8/6,106.88378
2013/8/5,106.4
2013/8/4,104.67459
2013/8/3,103.80001
2013/8/2,105.5
2013/8/1,104.19
2013/7/31,104.95555
2013/7/30,101.89998
2013/7/29,101.04202
2013/7/28,99.00001
2013/7/27,95.20461
2013/7/26,96.39475
2013/7/25,96.2
2013/7/24,93.6216
2013/7/23,95.396
2013/7/22,91.788
2013/7/21,88.93999
2013/7/20,91.8775
2013/7/19,93.41082
2013/7/18,90.40001
2013/7/17,97.97
2013/7/16,97.01
2013/7/15,98.37516
2013/7/14,94.75
2013/7/13,95.995
2013/7/12,97.8
2013/7/11,87.15
2013/7/10,78.58899
2013/7/9,76.32791
2013/7/8,77.64
2013/7/7,70.942
2013/7/6,69.34602
2013/7/5,67.85844
2013/7/4,79.8
2013/7/3,82.8
2013/7/2,89.55
2013/7/1,90.998
2013/6/30,96.5
2013/6/29,95.85301
2013/6/28,96.63498
2013/6/27,102.79001
2013/6/26,104.40565
2013/6/25,103.86665
2013/6/24,101.96936
2013/6/23,107.68389
2013/6/22,109.09
2013/6/21,111
2013/6/20,111.97
2013/6/19,107.835
2013/6/18,107.38999
2013/6/17,100.52521
2013/6/16,100
2013/6/15,101.96998
2013/6/14,100
2013/6/13,109
2013/6/12,108.16201
2013/6/11,108
2013/6/10,104.96851
2013/6/9,98.47045
2013/6/8,107.8
2013/6/7,110.29501
2013/6/6,120.68998
2013/6/5,122.4051
2013/6/4,120.56663
2013/6/3,120.00002
2013/6/2,120.60293
2013/6/1,129.19945
2013/5/31,127.34072
2013/5/30,130.99589
2013/5/29,129.97994
2013/5/28,128.321
2013/5/27,132.60997
2013/5/26,134.04701
2013/5/25,132.69
2013/5/24,131.5
2013/5/23,125.67
2013/5/22,122.64
2013/5/21,122.5
2013/5/20,122.65001
2013/5/19,121.05628
2013/5/18,123.74995
2013/5/17,124.49
2013/5/16,115.09024
2013/5/15,114.98499
2013/5/14,119
2013/5/13,117.50298
2013/5/12,114.32
2013/5/11,115.4
2013/5/10,117.68
2013/5/9,109.56154
2013/5/8,113.95001
2013/5/7,106.81
2013/5/6,120.94999
2013/5/5,117.89001
2013/5/4,111.98979
2013/5/3,93.15
2013/5/2,105.00003
2013/5/1,124.2998
2013/4/30,139.109
2013/4/29,141.50002
2013/4/28,135.98999
2013/4/27,128.00001
2013/4/26,135.601
2013/4/25,151.12001
2013/4/24,153.20019
2013/4/23,136.08099
2013/4/22,123.515
2013/4/21,125
2013/4/20,123.86
2013/4/19,119.62
2013/4/18,96.5
2013/4/17,85.59999
2013/4/16,91
2013/4/15,91
2013/4/14,91
2013/4/13,109.49999
2013/4/12,76.488
2013/4/11,123.40098
2013/4/10,198
2013/4/9,237.99
2013/4/8,184
2013/4/7,160.0997
2013/4/6,142.49765
2013/4/5,143.8
2013/4/4,131.99899
2013/4/3,138.79
2013/4/2,108.73
2013/4/1,102.51001
2013/3/31,92.50001
2013/3/30,90.99999
2013/3/29,89.05
2013/3/28,93.56701
2013/3/27,88.9
2013/3/26,78
2013/3/25,73.88798
2013/3/24,70.1
2013/3/23,63
2013/3/22,71.5
2013/3/21,73.8
2013/3/20,63.40967
2013/3/19,57.76
2013/3/18,47.65
2013/3/17,47.4419
2013/3/16,47.11
2013/3/15,47.25005
2013/3/14,47.27589
2013/3/13,46.79999
2013/3/12,45.01771
2013/3/11,47.7397
2013/3/10,46.5
2013/3/9,46.01112
2013/3/8,42.98
2013/3/7,42.49271
2013/3/6,47.5
2013/3/5,40.04
2013/3/4,36.35
2013/3/3,34.10007
2013/3/2,34.1808
2013/3/1,34.87799
2013/2/28,33.50001
2013/2/27,31.40181
2013/2/26,31.179
2013/2/25,30.25001
2013/2/24,30.29777
2013/2/23,29.27998
2013/2/22,30.901
2013/2/21,29.80012
2013/2/20,29.81231
2013/2/19,28.78999
2013/2/18,26.81565
2013/2/17,25.6083
2013/2/16,27.07009
2013/2/15,26.99898
2013/2/14,26.53092
2013/2/13,26.09999
2013/2/12,25.76997
2013/2/11,24.1955
2013/2/10,23.61458
2013/2/9,23.69997
2013/2/8,22.15
2013/2/7,22.15
2013/2/6,21.3339
2013/2/5,20.79
2013/2/4,21.05
2013/2/3,20.68
2013/2/2,21.1
2013/2/1,21.3
2013/1/31,21.43
2013/1/30,19.7
2013/1/29,19.8
2013/1/28,18.45
2013/1/27,17.99999
2013/1/26,17.61926
2013/1/25,18.8348
2013/1/24,19.18999
2013/1/23,17.5889
2013/1/22,17.59
2013/1/21,16.98
2013/1/20,15.89
2013/1/19,15.84304
2013/1/18,15.985
2013/1/17,15.39
2013/1/16,14.689
2013/1/15,14.47899
2013/1/14,14.3
2013/1/13,14.3148
2013/1/12,14.34999
2013/1/11,14.29999
2013/1/10,14.32
2013/1/9,13.87998
2013/1/8,13.83
2013/1/7,13.535
2013/1/6,13.52999
2013/1/5,13.548
2013/1/4,13.48986
2013/1/3,13.464
2013/1/2,13.4
2013/1/1,13.561
2012/12/31,13.59
2012/12/30,13.56998
2012/12/29,13.67
2012/12/28,13.6499
2012/12/27,13.47
2012/12/26,13.3989
2012/12/25,13.45
2012/12/24,13.45
2012/12/23,13.48547
2012/12/22,13.58998
2012/12/21,13.6475
2012/12/20,13.72
2012/12/19,13.399
2012/12/18,13.399
2012/12/17,13.498
2012/12/16,13.66548
2012/12/15,13.7722
2012/12/14,13.90119
2012/12/13,13.79989
2012/12/12,13.63999
2012/12/11,13.63999
2012/12/10,13.55
2012/12/9,13.53
2012/12/8,13.55
2012/12/7,13.68
2012/12/6,13.6888
2012/12/5,13.5
2012/12/4,12.96675
2012/12/3,12.67901
2012/12/2,12.68
2012/12/1,12.68778
2012/11/30,12.65
2012/11/29,12.599
2012/11/28,12.40712
2012/11/27,12.52999
2012/11/26,12.6515
2012/11/25,12.6
2012/11/24,12.4108
2012/11/23,12.43
2012/11/22,12.28
2012/11/21,11.784
2012/11/20,11.84
2012/11/19,11.79998
2012/11/18,11.832
2012/11/17,11.8
2012/11/16,11.8
2012/11/15,11.114
2012/11/14,11.05
2012/11/13,11.129
2012/11/12,11.18
2012/11/11,10.939
2012/11/10,10.95899
2012/11/9,11.07
2012/11/8,11.0979
2012/11/7,11.21603
2012/11/6,10.88997
2012/11/5,10.9
2012/11/4,10.68
2012/11/3,10.60097
2012/11/2,11.20999
2012/11/1,11.279
2012/10/31,11.14
2012/10/30,10.85
2012/10/29,10.95
2012/10/28,10.61
2012/10/27,10.83883
2012/10/26,11.09988
2012/10/25,11.71
2012/10/24,11.82
2012/10/23,12
2012/10/22,11.81
2012/10/21,11.7965
2012/10/20,11.85
2012/10/19,11.967
2012/10/18,11.95998
2012/10/17,11.99
2012/10/16,11.99
2012/10/15,12.03
2012/10/14,12
2012/10/13,12.137
2012/10/12,12.15
2012/10/11,12.19
2012/10/10,12.15
2012/10/9,12.35
2012/10/8,12.08
2012/10/7,12.7369
2012/10/6,12.89999
2012/10/5,12.99
2012/10/4,13.0899
2012/10/3,12.8999
2012/10/2,12.88
2012/10/1,12.481
2012/9/30,12.47499
2012/9/29,12.49
2012/9/28,12.444
2012/9/27,12.46
2012/9/26,12.28
2012/9/25,12.22909
2012/9/24,12.29888
2012/9/23,12.2749
2012/9/22,12.4433
2012/9/21,12.57001
2012/9/20,12.68666
2012/9/19,12.61
2012/9/18,12.09
2012/9/17,11.9625
2012/9/16,11.99
2012/9/15,11.799
2012/9/14,11.75
2012/9/13,11.399
2012/9/12,11.3789
2012/9/11,11.19401
2012/9/10,11.127
2012/9/9,11.14288
2012/9/8,11.21
2012/9/7,11.29
2012/9/6,11.17
2012/9/5,10.57888
2012/9/4,10.5934
2012/9/3,10.5
2012/9/2,10.18999
2012/9/1,10.42
2012/8/31,10.8359
2012/8/30,10.937
2012/8/29,11.20999
2012/8/28,11.3807
2012/8/27,12.14999
2012/8/26,10.61913
2012/8/25,10.25
2012/8/24,10.25
2012/8/23,10.25
2012/8/22,10.26
2012/8/21,10.29999
2012/8/20,10.5
2012/8/19,12
2012/8/18,15.26014
2012/8/17,15.4
2012/8/16,13.84119
2012/8/15,12.67
2012/8/14,12.17887
2012/8/13,11.86999
2012/8/12,11.765
2012/8/11,11.59788
2012/8/10,11.6
2012/8/9,12
2012/8/8,11.14999
2012/8/7,11.04
2012/8/6,11.29112
2012/8/5,11.1869
2012/8/4,11.3
2012/8/3,11.1188
2012/8/2,9.8
2012/8/1,9.54
2012/7/31,9.44
2012/7/30,9.15
2012/7/29,8.889
2012/7/28,8.93
2012/7/27,8.95
2012/7/26,8.9
2012/7/25,8.76998
2012/7/24,8.96
2012/7/23,9.2
2012/7/22,9
2012/7/21,9.7
2012/7/20,9.23355
2012/7/19,9.27491
2012/7/18,9.39899
2012/7/17,9.49
2012/7/16,8.2899
2012/7/15,7.64877
2012/7/14,7.68891
2012/7/13,7.9
2012/7/12,7.32
2012/7/11,7.257
2012/7/10,7.239
2012/7/9,6.896
2012/7/8,6.87
2012/7/7,6.75
2012/7/6,6.73449
2012/7/5,6.77
2012/7/4,6.55
2012/7/3,6.765
2012/7/2,6.75
2012/7/1,6.694
2012/6/30,6.693
2012/6/29,6.662
2012/6/28,6.66897
2012/6/27,6.55555
2012/6/26,6.4514
2012/6/25,6.44999
2012/6/24,6.5915
2012/6/23,6.65062
2012/6/22,6.79962
2012/6/21,6.8
2012/6/20,6.64999
2012/6/19,6.53294
2012/6/18,6.4668
2012/6/17,6.52999
2012/6/16,6.599
2012/6/15,6.165
2012/6/14,5.95
2012/6/13,5.96
2012/6/12,5.7
2012/6/11,5.54545
2012/6/10,5.62
2012/6/9,5.69999
2012/6/8,5.66
2012/6/7,5.529
2012/6/6,5.47
2012/6/5,5.5
2012/6/4,5.2785
2012/6/3,5.26466
2012/6/2,5.279
2012/6/1,5.27
2012/5/31,5.19
2012/5/30,5.1725
2012/5/29,5.15889
2012/5/28,5.16
2012/5/27,5.148
2012/5/26,5.149
2012/5/25,5.15
2012/5/24,5.2324
2012/5/23,5.16
2012/5/22,5.12
2012/5/21,5.1475
2012/5/20,5.15
2012/5/19,5.14291
2012/5/18,5.13
2012/5/17,5.1345
2012/5/16,5.08998
2012/5/15,5.09
2012/5/14,5.036
2012/5/13,4.99888
2012/5/12,5
2012/5/11,5.03188
2012/5/10,5.125
2012/5/9,5.09609
2012/5/8,5.1
2012/5/7,5.0947
2012/5/6,5.099
2012/5/5,5.1495
2012/5/4,5.15
2012/5/3,5.184
2012/5/2,5.1789
2012/5/1,5
2012/4/30,5
2012/4/29,5.0184
2012/4/28,5.1176
2012/4/27,5.1372
2012/4/26,5.18
2012/4/25,5.16
2012/4/24,5.2
2012/4/23,5.21799
2012/4/22,5.3287
2012/4/21,5.48
2012/4/20,5.17
2012/4/19,5.19
2012/4/18,5.1782
2012/4/17,5.02207
2012/4/16,4.98
2012/4/15,4.98389
2012/4/14,5.03
2012/4/13,4.94464
2012/4/12,4.98
2012/4/11,4.8941
2012/4/10,4.9
2012/4/9,4.8
2012/4/8,4.8
2012/4/7,4.98
2012/4/6,4.96
2012/4/5,4.94486
2012/4/4,4.97
2012/4/3,5.01
2012/4/2,5.08
2012/4/1,4.929
2012/3/31,4.95
2012/3/30,4.83
2012/3/29,4.86092
2012/3/28,4.84592
2012/3/27,4.74
2012/3/26,4.73793
2012/3/25,4.68294
2012/3/24,4.74896
2012/3/23,4.83
2012/3/22,4.88
2012/3/21,4.87
2012/3/20,4.98
2012/3/19,5.3099
2012/3/18,5.37998
2012/3/17,5.3998
2012/3/16,5.4
2012/3/15,5.45
2012/3/14,5.4444
2012/3/13,5.41
2012/3/12,4.95915
2012/3/11,4.99
2012/3/10,4.94
2012/3/9,4.9499
2012/3/8,5
2012/3/7,5.07
2012/3/6,5.05
2012/3/5,5.04
2012/3/4,4.9
2012/3/3,4.77995
2012/3/2,4.98888
2012/3/1,4.98421
2012/2/29,4.9
2012/2/28,5
2012/2/27,5.1
2012/2/26,5.00073
2012/2/25,5.07
2012/2/24,5.19778
2012/2/23,4.92481
2012/2/22,4.54
2012/2/21,4.4354
2012/2/20,4.52
2012/2/19,4.33333
2012/2/18,4.49675
2012/2/17,4.76998
2012/2/16,4.73368
2012/2/15,4.88
2012/2/14,5.6
2012/2/13,5.72
2012/2/12,5.85
2012/2/11,6
2012/2/10,5.92525
2012/2/9,5.8
2012/2/8,5.8494
2012/2/7,5.70999
2012/2/6,5.79
2012/2/5,5.9625
2012/2/4,6
2012/2/3,6.148
2012/2/2,6.2
2012/2/1,5.638
2012/1/31,5.65
2012/1/30,5.6
2012/1/29,5.76
2012/1/28,5.74815
2012/1/27,5.689
2012/1/26,6.2
2012/1/25,6.45
2012/1/24,6.515
2012/1/23,6.45485
2012/1/22,6.39
2012/1/21,6.55
2012/1/20,6.58
2012/1/19,6.3
2012/1/18,6.95
2012/1/17,6.98
2012/1/16,7.18888
2012/1/15,6.98999
2012/1/14,6.75
2012/1/13,6.85838999
2012/1/12,6.997
2012/1/11,7.138
2012/1/10,6.89
2012/1/9,7.2
2012/1/8,7.2
2012/1/7,7.01556
2012/1/6,7.22
2012/1/5,6.399
2012/1/4,5.6063
2012/1/3,5.29
2012/1/2,5.4999
2012/1/1,5.2
2011/12/31,4.995
2011/12/30,4.3
2011/12/29,4.33
2011/12/28,4.18888
2011/12/27,4.06
2011/12/26,4.31259
2011/12/25,4.3897
2011/12/24,3.9499
2011/12/23,3.95
2011/12/22,3.99199
2011/12/21,4.11
2011/12/20,4.5
2011/12/19,3.70036
2011/12/18,3.25
2011/12/17,3.23
2011/12/16,3.23
2011/12/15,3.1933
2011/12/14,3.277
2011/12/13,3.3
2011/12/12,3.34237
2011/12/11,3.38
2011/12/10,3.04
2011/12/9,3.039
2011/12/8,3.1
2011/12/7,3.082
2011/12/6,3.05
2011/12/5,2.93
2011/12/4,2.99
2011/12/3,3.12999
2011/12/2,3.138
2011/12/1,3.14
2011/11/30,2.959
2011/11/29,2.981
2011/11/28,2.53899
2011/11/27,2.4965
2011/11/26,2.53125
2011/11/25,2.56
2011/11/24,2.46
2011/11/23,2.38
2011/11/22,2.35
2011/11/21,2.29
2011/11/20,2.499
2011/11/19,2.3
2011/11/18,2.38998
2011/11/17,2.60031
2011/11/16,2.6
2011/11/15,2.69
2011/11/14,3.03
2011/11/13,3.099
2011/11/12,3.11
2011/11/11,3
2011/11/10,3
2011/11/9,3.114
2011/11/8,3.21
2011/11/7,3.0289
2011/11/6,3.05
2011/11/5,3.21
2011/11/4,3.21874
2011/11/3,3.299
2011/11/2,3.44
2011/11/1,3.35
2011/10/31,3.388
2011/10/30,3.65026
2011/10/29,3.82717
2011/10/28,3.255
2011/10/27,3.0499
2011/10/26,2.876
2011/10/25,3.04
2011/10/24,3.2
2011/10/23,3.36
2011/10/22,3.3
2011/10/21,2.72002
2011/10/20,2.42
2011/10/19,2.64999
2011/10/18,2.9
2011/10/17,3.75996
2011/10/16,3.9009
2011/10/15,4.05
2011/10/14,4.11455
2011/10/13,4.45
2011/10/12,4.20612
2011/10/11,4.14001
2011/10/10,4.25937
2011/10/9,4.389
2011/10/8,4.594
2011/10/7,4.85
2011/10/6,4.93
2011/10/5,5.025
2011/10/4,5.03
2011/10/3,5.07546
2011/10/2,5.16
2011/10/1,5.3
2011/9/30,5.35
2011/9/29,4.809
2011/9/28,4.989
2011/9/27,5.13018
2011/9/26,5.46014
2011/9/25,5.5
2011/9/24,5.66
2011/9/23,5.70653
2011/9/22,5.83001
2011/9/21,6.28664
2011/9/20,6.795
2011/9/19,5.6
2011/9/18,5
2011/9/17,5.022
2011/9/16,5.23
2011/9/15,5.69
2011/9/14,5.990000001
2011/9/13,6.25
2011/9/12,7.081
2011/9/11,7.4
2011/9/10,6.20892
2011/9/9,6.94
2011/9/8,7.31509
2011/9/7,7.59916
2011/9/6,7.65713
2011/9/5,8.467
2011/9/4,8.593999999
2011/9/3,8.7138
2011/9/2,8.4989
2011/9/1,8.44934
2011/8/31,9
2011/8/30,9.15031
2011/8/29,9.4811
2011/8/28,9.48
2011/8/27,9.11
2011/8/26,10.3
2011/8/25,10.96554
2011/8/24,11.4
2011/8/23,11.49
2011/8/22,11.501
2011/8/21,11.59
2011/8/20,11.798
2011/8/19,11.81
2011/8/18,11.67
2011/8/17,11.3
2011/8/16,11.38
2011/8/15,11.89
2011/8/14,11.24
2011/8/13,10.05
2011/8/12,9.89520343
2011/8/11,10.4959
2011/8/10,10.7
2011/8/9,12.1
2011/8/8,8.89
2011/8/7,9.8
2011/8/6,11
2011/8/5,11.55
2011/8/4,11.4876543
2011/8/3,13.1
2011/8/2,13.45
2011/8/1,13.5501
2011/7/31,14.8999
2011/7/30,13.8
2011/7/29,13.8
2011/7/28,14
2011/7/27,14.13
2011/7/26,14.4
2011/7/25,14.7399
2011/7/24,13.979999
2011/7/23,13.92
2011/7/22,13.9389
2011/7/21,13.9389
2011/7/20,14.04
2011/7/19,14.7
2011/7/18,13.6901
2011/7/17,13.96
2011/7/16,14.1
2011/7/15,14.3
2011/7/14,14.1
2011/7/13,14.15
2011/7/12,14.63988
2011/7/11,15.1999
2011/7/10,15.68
2011/7/9,15
2011/7/8,15.64276
2011/7/7,16.25
2011/7/6,16.5
2011/7/5,15
2011/7/4,15.85
2011/7/3,15.7
2011/7/2,16.49
2011/7/1,17
2011/6/30,17.5
2011/6/29,17.3
2011/6/28,17.52
2011/6/27,18
2011/6/26,17.51001
2011/6/25,17.6
2011/6/24,16.7501
2011/6/23,16
2011/6/22,15.05
2011/6/21,15.5
2011/6/20,17.35
2011/6/19,18.8766
2011/6/18,17.2
2011/6/17,19.3898
2011/6/16,19.96
2011/6/15,20
2011/6/14,20.99
2011/6/13,24.5
2011/6/12,24.99
2011/6/11,30
2011/6/10,35
2011/6/9,31.5
2011/6/8,31.9099
2011/6/7,19.06
2011/6/6,19.23
2011/6/5,18.998
2011/6/4,17.41
2011/6/3,14.3
2011/6/2,10.57
2011/6/1,9.391
2011/5/31,9.4998
2011/5/30,9
2011/5/29,8.4992
2011/5/28,8.735
2011/5/27,8.92
2011/5/26,9.33
2011/5/25,7.51
2011/5/24,7.2
2011/5/23,7.45
2011/5/22,6.61
2011/5/21,6.6036
2011/5/20,7.1
2011/5/19,7.34
2011/5/18,7.874
2011/5/17,8.38901
2011/5/16,8.5
2011/5/15,8.55
2011/5/14,8.9
2011/5/13,8.45
2011/5/12,5.94998
2011/5/11,6.065
2011/5/10,5.2
2011/5/9,3.937
2011/5/8,3.9
2011/5/7,3.7
2011/5/6,3.5998
2011/5/5,3.5
2011/5/4,3.58
2011/5/3,3.49
2011/5/2,3.495
2011/5/1,4.09
2011/4/30,4.14996
2011/4/29,2.7
2011/4/28,2.65
2011/4/27,1.95
2011/4/26,1.73
2011/4/25,1.701
2011/4/24,1.95
2011/4/23,1.549
2011/4/22,1.332
2011/4/21,1.1979
2011/4/20,1.1979
2011/4/19,1.19
2011/4/18,1.1999
2011/4/17,1.085
2011/4/16,1.095
2011/4/15,1.08999
2011/4/14,0.94
2011/4/13,1
2011/4/12,0.897
2011/4/11,0.781
2011/4/10,0.758899
2011/4/9,0.7676
2011/4/8,0.799
2011/4/7,0.7677
2011/4/6,0.747844
2011/4/5,0.71
2011/4/4,0.79
2011/4/3,0.7998
2011/4/2,0.79697
2011/4/1,0.79997
2011/3/31,0.80098
2011/3/30,0.795
2011/3/29,0.8
2011/3/28,0.8575
2011/3/27,0.8958
2011/3/26,0.905
2011/3/25,0.89
2011/3/24,0.9
2011/3/23,0.85
2011/3/22,0.799646
2011/3/21,0.7883
2011/3/20,0.79
2011/3/19,0.824
2011/3/18,0.850617
2011/3/17,0.88
2011/3/16,0.89
2011/3/15,0.899885
2011/3/14,0.9
2011/3/13,0.9196
2011/3/12,0.9197
2011/3/11,0.9329
2011/3/10,0.87
2011/3/9,0.883751
2011/3/8,0.9072
2011/3/7,0.909
2011/3/6,0.910445
2011/3/5,0.918901
2011/3/4,0.9392
2011/3/3,0.94
2011/3/2,0.9498
2011/3/1,0.97
2011/2/28,0.949231
2011/2/27,0.96
2011/2/26,0.988567
2011/2/25,1
2011/2/24,0.9499
2011/2/23,0.95
2011/2/22,0.869499
2011/2/21,0.8796
2011/2/20,0.954896
2011/2/19,1.02
2011/2/18,1.05019
2011/2/17,1.05019
2011/2/16,1.05019
2011/2/15,1.085
2011/2/14,1.08
2011/2/13,1.08
2011/2/12,1.0899
2011/2/11,1.0065
2011/2/10,1.1
2011/2/9,0.935
2011/2/8,0.9
2011/2/7,0.90585
2011/2/6,0.92
2011/2/5,0.9167
2011/2/4,0.88
2011/2/3,0.75
2011/2/2,0.840099
2011/2/1,0.95
2011/1/31,0.5
2011/1/30,0.48
2011/1/29,0.446
2011/1/28,0.45
2011/1/27,0.4174
2011/1/26,0.425
2011/1/25,0.425
2011/1/24,0.443
2011/1/23,0.4443
2011/1/22,0.4299
2011/1/21,0.44
2011/1/20,0.3675
2011/1/19,0.3401
2011/1/18,0.38679
2011/1/17,0.4
2011/1/16,0.4
2011/1/15,0.4
2011/1/14,0.45
2011/1/13,0.405
2011/1/12,0.35
2011/1/11,0.329
2011/1/10,0.329
2011/1/9,0.322998
2011/1/8,0.322898
2011/1/7,0.322
2011/1/6,0.299
2011/1/5,0.298998
2011/1/4,0.299899
2011/1/3,0.299998
2011/1/2,0.299996
2011/1/1,0.299998
2010/12/31,0.299999
2010/12/30,0.299999
2010/12/29,0.301
2010/12/28,0.28
2010/12/27,0.265
2010/12/26,0.269999
2010/12/25,0.25
2010/12/24,0.25
2010/12/23,0.25
2010/12/22,0.267
2010/12/21,0.26909
2010/12/20,0.275
2010/12/19,0.2499
2010/12/18,0.249
2010/12/17,0.255
2010/12/16,0.2459
2010/12/15,0.2468
2010/12/14,0.23
2010/12/13,0.22748
2010/12/12,0.228
2010/12/11,0.2275
2010/12/10,0.204
2010/12/9,0.2388
2010/12/8,0.2477
2010/12/7,0.226
2010/12/6,0.225
2010/12/5,0.235
2010/12/4,0.2589
2010/12/3,0.2553
2010/12/2,0.25
2010/12/1,0.225
2010/11/30,0.275
2010/11/29,0.279
2010/11/28,0.28461
2010/11/27,0.284399
2010/11/26,0.289
2010/11/25,0.28299
2010/11/24,0.28299
2010/11/23,0.2879
2010/11/22,0.282
2010/11/21,0.29
2010/11/20,0.289
2010/11/19,0.283
2010/11/18,0.289999
2010/11/17,0.28
2010/11/16,0.2827
2010/11/15,0.2828
2010/11/14,0.299
2010/11/13,0.3
2010/11/12,0.251
2010/11/11,0.24
2010/11/10,0.2667
2010/11/9,0.3368
2010/11/8,0.37
2010/11/7,0.499999
2010/11/6,0.29
2010/11/5,0.2399
2010/11/4,0.23601
2010/11/3,0.275
2010/11/2,0.1955
2010/11/1,0.1975
2010/10/31,0.199
2010/10/30,0.1919
2010/10/29,0.191
2010/10/28,0.19001
2010/10/27,0.19
2010/10/26,0.19
2010/10/25,0.15
2010/10/24,0.19
2010/10/23,0.10901
2010/10/22,0.107
2010/10/21,0.109
2010/10/20,0.103
2010/10/19,0.1024
2010/10/18,0.103
2010/10/17,0.1045
2010/10/16,0.109
2010/10/15,0.119
2010/10/14,0.105
2010/10/13,0.095
2010/10/12,0.099
2010/10/11,0.1301
2010/10/10,0.12
2010/10/9,0.12001
2010/10/8,0.088
2010/10/7,0.0638
2010/10/6,0.0633
2010/10/5,0.06301
2010/10/4,0.062
2010/10/3,0.0614
2010/10/2,0.061999
2010/10/1,0.061999
2010/9/30,0.06192
2010/9/29,0.06219
2010/9/28,0.06271
2010/9/27,0.062206
2010/9/26,0.062279
2010/9/25,0.0624
2010/9/24,0.06281
2010/9/23,0.063
2010/9/22,0.0628
2010/9/21,0.0633
2010/9/20,0.0634
2010/9/19,0.062599
2010/9/18,0.0609
2010/9/17,0.0609
2010/9/16,0.0619
2010/9/15,0.175
2010/9/14,0.0641
2010/9/13,0.06201
2010/9/12,0.064999
2010/9/11,0.062
2010/9/10,0.06201
2010/9/9,0.0624
2010/9/8,0.06201
2010/9/7,0.06185
2010/9/6,0.064
2010/9/5,0.0629
2010/9/4,0.0613
2010/9/3,0.0634
2010/9/2,0.0629
2010/9/1,0.0649
2010/8/31,0.06497
2010/8/30,0.069
2010/8/29,0.0648
2010/8/28,0.065
2010/8/27,0.065
2010/8/26,0.066499
2010/8/25,0.0665
2010/8/24,0.066889
2010/8/23,0.066
2010/8/22,0.0664
2010/8/21,0.066899
2010/8/20,0.0667
2010/8/19,0.0688
2010/8/18,0.074
2010/8/17,0.0769
2010/8/16,0
2010/8/15,0
2010/8/14,0
2010/8/13,0
2010/8/12,0
2010/8/11,0
2010/8/10,0
2010/8/9,0
2010/8/8,0
2010/8/7,0
2010/8/6,0
2010/8/5,0
2010/8/4,0
2010/8/3,0
2010/8/2,0
2010/8/1,0
2010/7/31,0
2010/7/30,0
2010/7/29,0
2010/7/28,0
2010/7/27,0
2010/7/26,0
2010/7/25,0
2010/7/24,0
2010/7/23,0
2010/7/22,0
2010/7/21,0
2010/7/20,0
2010/7/19,0
2010/7/18,0
2010/7/17,0
2010/7/16,0
2010/7/15,0
2010/7/14,0
2010/7/13,0
2010/7/12,0
2010/7/11,0
2010/7/10,0
2010/7/9,0
2010/7/8,0
2010/7/7,0
2010/7/6,0
2010/7/5,0
2010/7/4,0
2010/7/3,0
2010/7/2,0
2010/7/1,0
2010/6/30,0
2010/6/29,0
2010/6/28,0
2010/6/27,0
2010/6/26,0
2010/6/25,0
2010/6/24,0
2010/6/23,0
2010/6/22,0
2010/6/21,0
2010/6/20,0
2010/6/19,0
2010/6/18,0
2010/6/17,0
2010/6/16,0
2010/6/15,0
2010/6/14,0
2010/6/13,0
2010/6/12,0
2010/6/11,0
2010/6/10,0
2010/6/9,0
2010/6/8,0
2010/6/7,0
2010/6/6,0
2010/6/5,0
2010/6/4,0
2010/6/3,0
2010/6/2,0
2010/6/1,0
2010/5/31,0
2010/5/30,0
2010/5/29,0
2010/5/28,0
2010/5/27,0
2010/5/26,0
2010/5/25,0
2010/5/24,0
2010/5/23,0
2010/5/22,0
2010/5/21,0
2010/5/20,0
2010/5/19,0
2010/5/18,0
2010/5/17,0
2010/5/16,0
2010/5/15,0
2010/5/14,0
2010/5/13,0
2010/5/12,0
2010/5/11,0
2010/5/10,0
2010/5/9,0
2010/5/8,0
2010/5/7,0
2010/5/6,0
2010/5/5,0
2010/5/4,0
2010/5/3,0
2010/5/2,0
2010/5/1,0
2010/4/30,0
2010/4/29,0
2010/4/28,0
2010/4/27,0
2010/4/26,0
2010/4/25,0
2010/4/24,0
2010/4/23,0
2010/4/22,0
2010/4/21,0
2010/4/20,0
2010/4/19,0
2010/4/18,0
2010/4/17,0
2010/4/16,0
2010/4/15,0
2010/4/14,0
2010/4/13,0
2010/4/12,0
2010/4/11,0
2010/4/10,0
2010/4/9,0
2010/4/8,0
2010/4/7,0
2010/4/6,0
2010/4/5,0
2010/4/4,0
2010/4/3,0
2010/4/2,0
2010/4/1,0
2010/3/31,0
2010/3/30,0
2010/3/29,0
2010/3/28,0
2010/3/27,0
2010/3/26,0
2010/3/25,0
2010/3/24,0
2010/3/23,0
2010/3/22,0
2010/3/21,0
2010/3/20,0
2010/3/19,0
2010/3/18,0
2010/3/17,0
2010/3/16,0
2010/3/15,0
2010/3/14,0
2010/3/13,0
2010/3/12,0
2010/3/11,0
2010/3/10,0
2010/3/9,0
2010/3/8,0
2010/3/7,0
2010/3/6,0
2010/3/5,0
2010/3/4,0
2010/3/3,0
2010/3/2,0
2010/3/1,0
2010/2/28,0
2010/2/27,0
2010/2/26,0
2010/2/25,0
2010/2/24,0
2010/2/23,0
2010/2/22,0
2010/2/21,0
2010/2/20,0
2010/2/19,0
2010/2/18,0
2010/2/17,0
2010/2/16,0
2010/2/15,0
2010/2/14,0
2010/2/13,0
2010/2/12,0
2010/2/11,0
2010/2/10,0
2010/2/9,0
2010/2/8,0
2010/2/7,0
2010/2/6,0
2010/2/5,0
2010/2/4,0
2010/2/3,0
2010/2/2,0
2010/2/1,0
2010/1/31,0
2010/1/30,0
2010/1/29,0
2010/1/28,0
2010/1/27,0
2010/1/26,0
2010/1/25,0
2010/1/24,0
2010/1/23,0
2010/1/22,0
2010/1/21,0
2010/1/20,0
2010/1/19,0
2010/1/18,0
2010/1/17,0
2010/1/16,0
2010/1/15,0
2010/1/14,0
2010/1/13,0
2010/1/12,0
2010/1/11,0
2010/1/10,0
2010/1/9,0
2010/1/8,0
2010/1/7,0
2010/1/6,0
2010/1/5,0
2010/1/4,0
2010/1/3,0
2010/1/2,0
2010/1/1,0
2009/12/31,0
2009/12/30,0
2009/12/29,0
2009/12/28,0
2009/12/27,0
2009/12/26,0
2009/12/25,0
2009/12/24,0
2009/12/23,0
2009/12/22,0
2009/12/21,0
2009/12/20,0
2009/12/19,0
2009/12/18,0
2009/12/17,0
2009/12/16,0
2009/12/15,0
2009/12/14,0
2009/12/13,0
2009/12/12,0
2009/12/11,0
2009/12/10,0
2009/12/9,0
2009/12/8,0
2009/12/7,0
2009/12/6,0
2009/12/5,0
2009/12/4,0
2009/12/3,0
2009/12/2,0
2009/12/1,0
2009/11/30,0
2009/11/29,0
2009/11/28,0
2009/11/27,0
2009/11/26,0
2009/11/25,0
2009/11/24,0
2009/11/23,0
2009/11/22,0
2009/11/21,0
2009/11/20,0
2009/11/19,0
2009/11/18,0
2009/11/17,0
2009/11/16,0
2009/11/15,0
2009/11/14,0
2009/11/13,0
2009/11/12,0
2009/11/11,0
2009/11/10,0
2009/11/9,0
2009/11/8,0
2009/11/7,0
2009/11/6,0
2009/11/5,0
2009/11/4,0
2009/11/3,0
2009/11/2,0
2009/11/1,0
2009/10/31,0
2009/10/30,0
2009/10/29,0
2009/10/28,0
2009/10/27,0
2009/10/26,0
2009/10/25,0
2009/10/24,0
2009/10/23,0
2009/10/22,0
2009/10/21,0
2009/10/20,0
2009/10/19,0
2009/10/18,0
2009/10/17,0
2009/10/16,0
2009/10/15,0
2009/10/14,0
2009/10/13,0
2009/10/12,0
2009/10/11,0
2009/10/10,0
2009/10/9,0
2009/10/8,0
2009/10/7,0
2009/10/6,0
2009/10/5,0
2009/10/4,0
2009/10/3,0
2009/10/2,0
2009/10/1,0
2009/9/30,0
2009/9/29,0
2009/9/28,0
2009/9/27,0
2009/9/26,0
2009/9/25,0
2009/9/24,0
2009/9/23,0
2009/9/22,0
2009/9/21,0
2009/9/20,0
2009/9/19,0
2009/9/18,0
2009/9/17,0
2009/9/16,0
2009/9/15,0
2009/9/14,0
2009/9/13,0
2009/9/12,0
2009/9/11,0
2009/9/10,0
2009/9/9,0
2009/9/8,0
2009/9/7,0
2009/9/6,0
2009/9/5,0
2009/9/4,0
2009/9/3,0
2009/9/2,0
2009/9/1,0
2009/8/31,0
2009/8/30,0
2009/8/29,0
2009/8/28,0
2009/8/27,0
2009/8/26,0
2009/8/25,0
2009/8/24,0
2009/8/23,0
2009/8/22,0
2009/8/21,0
2009/8/20,0
2009/8/19,0
2009/8/18,0
2009/8/17,0
2009/8/16,0
2009/8/15,0
2009/8/14,0
2009/8/13,0
2009/8/12,0
2009/8/11,0
2009/8/10,0
2009/8/9,0
2009/8/8,0
2009/8/7,0
2009/8/6,0
2009/8/5,0
2009/8/4,0
2009/8/3,0
2009/8/2,0
2009/8/1,0
2009/7/31,0
2009/7/30,0
2009/7/29,0
2009/7/28,0
2009/7/27,0
2009/7/26,0
2009/7/25,0
2009/7/24,0
2009/7/23,0
2009/7/22,0
2009/7/21,0
2009/7/20,0
2009/7/19,0
2009/7/18,0
2009/7/17,0
2009/7/16,0
2009/7/15,0
2009/7/14,0
2009/7/13,0
2009/7/12,0
2009/7/11,0
2009/7/10,0
2009/7/9,0
2009/7/8,0
2009/7/7,0
2009/7/6,0
2009/7/5,0
2009/7/4,0
2009/7/3,0
2009/7/2,0
2009/7/1,0
2009/6/30,0
2009/6/29,0
2009/6/28,0
2009/6/27,0
2009/6/26,0
2009/6/25,0
2009/6/24,0
2009/6/23,0
2009/6/22,0
2009/6/21,0
2009/6/20,0
2009/6/19,0
2009/6/18,0
2009/6/17,0
2009/6/16,0
2009/6/15,0
2009/6/14,0
2009/6/13,0
2009/6/12,0
2009/6/11,0
2009/6/10,0
2009/6/9,0
2009/6/8,0
2009/6/7,0
2009/6/6,0
2009/6/5,0
2009/6/4,0
2009/6/3,0
2009/6/2,0
2009/6/1,0
2009/5/31,0
2009/5/30,0
2009/5/29,0
2009/5/28,0
2009/5/27,0
2009/5/26,0
2009/5/25,0
2009/5/24,0
2009/5/23,0
2009/5/22,0
2009/5/21,0
2009/5/20,0
2009/5/19,0
2009/5/18,0
2009/5/17,0
2009/5/16,0
2009/5/15,0
2009/5/14,0
2009/5/13,0
2009/5/12,0
2009/5/11,0
2009/5/10,0
2009/5/9,0
2009/5/8,0
2009/5/7,0
2009/5/6,0
2009/5/5,0
2009/5/4,0
2009/5/3,0
2009/5/2,0
2009/5/1,0
2009/4/30,0
2009/4/29,0
2009/4/28,0
2009/4/27,0
2009/4/26,0
2009/4/25,0
2009/4/24,0
2009/4/23,0
2009/4/22,0
2009/4/21,0
2009/4/20,0
2009/4/19,0
2009/4/18,0
2009/4/17,0
2009/4/16,0
2009/4/15,0
2009/4/14,0
2009/4/13,0
2009/4/12,0
2009/4/11,0
2009/4/10,0
2009/4/9,0
2009/4/8,0
2009/4/7,0
2009/4/6,0
2009/4/5,0
2009/4/4,0
2009/4/3,0
2009/4/2,0
2009/4/1,0
2009/3/31,0
2009/3/30,0
2009/3/29,0
2009/3/28,0
2009/3/27,0
2009/3/26,0
2009/3/25,0
2009/3/24,0
2009/3/23,0
2009/3/22,0
2009/3/21,0
2009/3/20,0
2009/3/19,0
2009/3/18,0
2009/3/17,0
2009/3/16,0
2009/3/15,0
2009/3/14,0
2009/3/13,0
2009/3/12,0
2009/3/11,0
2009/3/10,0
2009/3/9,0
2009/3/8,0
2009/3/7,0
2009/3/6,0
2009/3/5,0
2009/3/4,0
2009/3/3,0
2009/3/2,0
2009/3/1,0
2009/2/28,0
2009/2/27,0
2009/2/26,0
2009/2/25,0
2009/2/24,0
2009/2/23,0
2009/2/22,0
2009/2/21,0
2009/2/20,0
2009/2/19,0
2009/2/18,0
2009/2/17,0
2009/2/16,0
2009/2/15,0
2009/2/14,0
2009/2/13,0
2009/2/12,0
2009/2/11,0
2009/2/10,0
2009/2/9,0
2009/2/8,0
2009/2/7,0
2009/2/6,0
2009/2/5,0
2009/2/4,0
2009/2/3,0
2009/2/2,0
2009/2/1,0
2009/1/31,0
2009/1/30,0
2009/1/29,0
2009/1/28,0
2009/1/27,0
2009/1/26,0
2009/1/25,0
2009/1/24,0
2009/1/23,0
2009/1/22,0
2009/1/21,0
2009/1/20,0
2009/1/19,0
2009/1/18,0
2009/1/17,0
2009/1/16,0
2009/1/15,0
2009/1/14,0
2009/1/13,0
2009/1/12,0
2009/1/11,0
2009/1/10,0
2009/1/9,0
2009/1/8,0
2009/1/7,0
2009/1/6,0
2009/1/5,0
2009/1/4,0
2009/1/3,0
