date,value
2018-04-23,0.0001
2018-04-22,0.0
2018-04-21,0.0
2018-04-20,0.0
2018-04-19,0.0
2018-04-18,0.0
2018-04-17,0.0014
2018-04-16,0.0031
2018-04-15,0.0106
2018-04-14,0.0096
2018-04-13,0.0117
2018-04-12,0.0126
2018-04-11,0.0136
2018-04-10,0.0117
2018-04-09,0.0109
2018-04-08,0.0101
2018-04-07,0.012
2018-04-06,0.0118
2018-04-05,0.0115
2018-04-04,0.0076
2018-04-03,0.0068
2018-04-02,0.0201
2018-04-01,0.0195
2018-03-31,0.0116
2018-03-30,0.0105
2018-03-29,0.0103
2018-03-28,0.0122
2018-03-27,0.0122
2018-03-26,0.0129
2018-03-25,0.0118
2018-03-24,0.0127
2018-03-23,0.0145
2018-03-22,0.0129
2018-03-21,0.0121
2018-03-20,0.0129
2018-03-19,0.0131
2018-03-18,0.0135
2018-03-17,0.0129
2018-03-16,0.0127
2018-03-15,0.0132
2018-03-14,0.0119
2018-03-13,0.0124
2018-03-12,0.0141
2018-03-11,0.0125
2018-03-10,0.0123
2018-03-09,0.0119
2018-03-08,0.0124
2018-03-07,0.0117
2018-03-06,0.0129
2018-03-05,0.011
2018-03-04,0.0125
2018-03-03,0.0107
2018-03-02,0.0111
2018-03-01,0.0107
2018-02-28,0.0096
2018-02-27,0.0123
2018-02-26,0.0103
2018-02-25,0.0107
2018-02-24,0.0104
2018-02-23,0.001586237005344004
2018-02-22,0.0016238254496244104
2018-02-21,0.0016627555271280048
2018-02-20,0.0017059618889310694
2018-02-19,0.001746554777632969
2018-02-18,0.0017889038985373998
2018-02-17,0.0018308045643505783
2018-02-16,0.0018647532643925044
2018-02-15,0.0018936212960565335
2018-02-14,0.0018985079174932825
2018-02-13,0.0019056565333460263
2018-02-12,0.0019052800942697282
2018-02-11,0.0018996361230666954
2018-02-10,0.0018977558895163804
2018-02-09,0.0018970039488138165
2018-02-08,0.00189737990825491
2018-02-07,0.0019056565333460253
2018-02-06,0.0019052800942697273
2018-02-05,0.0018898648676889723
2018-02-04,0.0018827336766835037
2018-02-03,0.001903774555810894
2018-02-02,0.001917714074485953
2018-02-01,0.001885735320954025
2018-01-31,0.001855408508263915
2018-01-30,0.001853167813897865
2018-01-29,0.0018587710362749485
2018-01-28,0.0018621353468517205
2018-01-27,0.0018632571796055968
2018-01-26,0.0018602660654297362
2018-01-25,0.0018520477641560352
2018-01-24,0.0018527944419469504
2018-01-23,0.001847569549289331
2018-01-22,0.0018356431834110826
2018-01-21,0.001835643183411083
2018-01-20,0.0018337817334286828
2018-01-19,0.0018226246603118641
2018-01-18,0.0018126003657710438
2018-01-17,0.0017992598634585264
2018-01-16,0.0017896430294798854
2018-01-15,0.001788164857030945
2018-01-14,0.0017818866173711484
2018-01-13,0.0017818866173711484
2018-01-12,0.00178299407198154
2018-01-11,0.0017722971260574687
2018-01-10,0.0017715601009225595
2018-01-09,0.0017686128985145275
2018-01-08,0.00177082316558533
2018-01-07,0.001769717930983994
2018-01-06,0.0017700863200612578
2018-01-05,0.0017689812202086924
2018-01-04,0.0017730342409745866
2018-01-03,0.001756470897038607
2018-01-02,0.0017586767108655201
2018-01-01,0.0017627228079543026
2017-12-31,0.001763826761502901
2017-12-30,0.0017671398364063318
2017-12-29,0.00176493091746274
2017-12-28,0.0017722971260574682
2017-12-27,0.0017818866173711493
2017-12-26,0.001788903898537399
2017-12-25,0.001795559294882232
2017-12-24,0.0017992598634585255
2017-12-23,0.0018059265066350358
2017-12-22,0.0018111166629265153
2017-12-21,0.001821138558157926
2017-12-20,0.001823367844516668
2017-12-19,0.0018267132712794744
2017-12-18,0.0018215100504097666
2017-12-17,0.0018044444063833717
2017-12-16,0.0018051854119586932
2017-12-15,0.001809633316002145
2017-12-14,0.001810374944966763
2017-12-13,0.0018203956402387848
2017-12-12,0.0018259696878989875
2017-12-11,0.001825969687898987
2017-12-10,0.0018315487237837145
2017-12-09,0.0018319208367140376
2017-12-08,0.0018248544791070246
2017-12-07,0.0018348985370408755
2017-12-06,0.0018322929717843797
2017-12-05,0.0018140844244150232
2017-12-04,0.001777827675310011
2017-12-03,0.001770454731595681
2017-12-02,0.001769717930983993
2017-12-01,0.0017708231655853292
2017-11-30,0.001772665672294217
2017-11-29,0.0017693495643658257
2017-11-28,0.0017630907699771226
2017-11-27,0.0017590444253255965
2017-11-26,0.0017630907699771226
2017-11-25,0.0017465547776329667
2017-11-24,0.0017377542682672322
2017-11-23,0.0017322605672537377
2017-11-22,0.0016994056605263701
2017-11-21,0.0016779677436938182
2017-11-20,0.0016508315838231805
2017-11-19,0.001614852453083159
2017-11-18,0.0016051779936681308
2017-11-17,0.0016019569602213617
2017-11-16,0.0015876642148829568
2017-11-15,0.0015798192175990283
2017-11-14,0.0015698511568974537
2017-11-13,0.0015510337436939207
2017-11-12,0.0015361691370798635
2017-11-11,0.001521698969873885
2017-11-10,0.0015069175459620301
2017-11-09,0.0014900763521443314
2017-11-08,0.0014760844599106873
2017-11-07,0.0014652673808951196
2017-11-06,0.001450649227223129
2017-11-05,0.001434688234219711
2017-11-04,0.0014350346619644982
2017-11-03,0.001422233170752897
2017-11-02,0.0014104993125372374
2017-11-01,0.0013981063163361089
2017-10-31,0.001392952032806202
2017-10-30,0.001381974888605518
2017-10-29,0.0013580513297466203
2017-10-28,0.0013386613907602912
2017-10-27,0.0013271344341677868
2017-10-26,0.0013132731930511636
2017-10-25,0.0012984452420724145
2017-10-24,0.0012846727738281185
2017-10-23,0.0012699405268357788
2017-10-22,0.0012505970092545526
2017-10-21,0.0012406259379184037
2017-10-20,0.00122108455080018
2017-10-19,0.0012171211691008673
2017-10-18,0.0012233982654620984
2017-10-17,0.0012105239277579503
2017-10-16,0.0011963754928972165
2017-10-15,0.001182603237721825
2017-10-14,0.0011623583980405144
2017-10-13,0.0011383297763138105
2017-10-12,0.0011160577087866517
2017-10-11,0.0010980769264359513
2017-10-10,0.0010792257468717455
2017-10-09,0.001048442016522659
2017-10-08,0.0010320472739813321
2017-10-07,0.001027646257325031
2017-10-06,0.00102544781595145
2017-10-05,0.0010449675904174462
2017-10-04,0.0010355090771814754
2017-10-03,0.001023878345266076
2017-10-02,0.0010050997628542043
2017-10-01,0.0009703204790391206
2017-09-30,0.000958294388654335
2017-09-29,0.0009386548124655422
2017-09-28,0.0009170071721409511
2017-09-27,0.0008864691452725639
2017-09-26,0.0008675748968453943
2017-09-25,0.0008479093934325495
2017-09-24,0.00082778676619961
2017-09-23,0.0008207185556672039
2017-09-22,0.0008210127098049184
2017-09-21,0.0008407911337721582
2017-09-20,0.0008681728793051589
2017-09-19,0.0008687709824261226
2017-09-18,0.0008657816737778458
2017-09-17,0.0008702667678954931
2017-09-16,0.0008669770350812705
2017-09-15,0.0008598121207450285
2017-09-14,0.000858023615598499
2017-09-13,0.0008613033746179632
2017-09-12,0.0008562362017053167
2017-09-11,0.0008446446760371289
2017-09-10,0.0008292615427147779
2017-09-09,0.0008104426454964612
2017-09-08,0.0007876791245558357
2017-09-07,0.0007677013702093614
2017-09-06,0.0007530322453835414
2017-09-05,0.0007344570201235244
2017-09-04,0.000715170697026324
2017-09-03,0.0006937943449747934
2017-09-02,0.0006753857009343802
2017-09-01,0.0006656825997663486
2017-08-31,0.0006538181431442684
2017-08-30,0.0006485956628704905
2017-08-29,0.0006453035827136314
2017-08-28,0.0006436593839032535
2017-08-27,0.0006455777352671048
2017-08-26,0.0006518926444632484
2017-08-25,0.0006502435416314615
2017-08-24,0.0006444813297344396
2017-08-23,0.0006392808669072424
2017-08-22,0.000631639570440634
2017-08-21,0.000633820050822555
2017-08-20,0.0006319120101064553
2017-08-19,0.0006313671651880725
2017-08-18,0.0006270133663773942
2017-08-17,0.000619957301602395
2017-08-16,0.0006158971521854679
2017-08-15,0.0006137349371015552
2017-08-14,0.0006134648168647014
2017-08-13,0.0006199573016023948
2017-08-12,0.0006232110403852
2017-08-11,0.0006207702685358367
2017-08-10,0.0006360027305124629
2017-08-09,0.0006450294642696936
2017-08-08,0.0006466746864563803
2017-08-07,0.0006453035827136318
2017-08-06,0.0006480466421882846
2017-08-05,0.0006502435416314614
2017-08-04,0.0006392808669072424
2017-08-03,0.0006324569926532948
2017-08-02,0.0006513428075907597
2017-08-01,0.0006618128953139754
2017-07-31,0.0006756635360573875
2017-07-30,0.0006918350496448378
2017-07-29,0.0007117828707377005
2017-07-28,0.0007324647331151237
2017-07-27,0.0007507387403974948
2017-07-26,0.0007665478583206676
2017-07-25,0.0007841939470358817
2017-07-24,0.0007841939470358817
2017-07-23,0.000775500843623529
2017-07-22,0.0007645304355292889
2017-07-21,0.0007553277981487413
2017-07-20,0.0007458718534001293
2017-07-19,0.0007378760538347383
2017-07-18,0.0007367358592153435
2017-07-17,0.0007395873136750885
2017-07-16,0.0007427276366659974
2017-07-15,0.0007375909567662533
2017-07-14,0.0007336029887546102
2017-07-13,0.0007398726365052483
2017-07-12,0.0007570508050252519
2017-07-11,0.000771164951831427
2017-07-10,0.0007844842055607723
2017-07-09,0.0007990371418829591
2017-07-08,0.0008210127098049177
2017-07-07,0.0008490974775594521
2017-07-06,0.0008720627048737593
2017-07-05,0.0008949047520499978
2017-07-04,0.00091883081992347
2017-07-03,0.0009249173018646572
2017-07-02,0.0009346801076045795
2017-07-01,0.0009441663964990248
2017-06-30,0.0009450859122035884
2017-06-29,0.0009392667438219877
2017-06-28,0.0009270503490233823
2017-06-27,0.0009170071721409505
2017-06-26,0.0009066932464788992
2017-06-25,0.0008952064562016939
2017-06-24,0.0008867700137615866
2017-06-23,0.0008849652514991015
2017-06-22,0.000882260128454366
2017-06-21,0.0008801578217383089
2017-06-20,0.0008711646008340615
2017-06-19,0.000874159334598992
2017-06-18,0.0008777569852451273
2017-06-17,0.0008789571634001814
2017-06-16,0.0008798576121514649
2017-06-15,0.0008798576121514649
2017-06-14,0.0008798576121514649
2017-06-13,0.0008774570157668172
2017-06-12,0.0008855667192573285
2017-06-11,0.0008967154236458334
2017-06-10,0.0009012467884787189
2017-06-09,0.0009042714119469459
2017-06-08,0.0009066932464788992
2017-06-07,0.0009048766926988266
2017-06-06,0.0009079048749410716
2017-06-05,0.0009206555284446506
2017-06-04,0.0009426344530739528
2017-06-03,0.0009469257298308953
2017-06-02,0.0009469257298308953
2017-06-01,0.000944166396499025
2017-05-31,0.0009404909568758124
2017-05-30,0.0009365139729010871
2017-05-29,0.0009343745657647782
2017-05-28,0.0009255265970476526
2017-05-27,0.0009221769285367665
2017-05-26,0.000919134864371482
2017-05-25,0.0009319312847729318
2017-05-24,0.0009392667438219877
2017-05-23,0.0009365139729010871
2017-05-22,0.0009395727532987356
2017-05-21,0.0009573711261141519
2017-05-20,0.0009647645175729889
2017-05-19,0.000977742942564859
2017-05-18,0.00098611298257369
2017-05-17,0.0009951262589446325
2017-05-16,0.0010144763276485238
2017-05-15,0.0010304748500040385
2017-05-14,0.0010455990529666048
2017-05-13,0.0010547677999392711
2017-05-12,0.0010709488662884953
2017-05-11,0.0010923155887482684
2017-05-10,0.0011241124024893377
2017-05-09,0.0011574758620979432
2017-05-08,0.0011947334911061533
2017-05-07,0.001224390250070485
2017-05-06,0.0012575906508469669
2017-05-05,0.001279309836003672
2017-05-04,0.0013109109039112163
2017-05-03,0.0013345897197700898
2017-05-02,0.001366581406505617
2017-05-01,0.0013981063163361095
2017-04-30,0.0014346882342197126
2017-04-29,0.0014649188310531293
2017-04-28,0.0015005956029780717
2017-04-27,0.0015397045249953918
2017-04-26,0.0015823141183482375
2017-04-25,0.0016130596022575759
2017-04-24,0.0016400134775117626
2017-04-23,0.0016765172138134207
2017-04-22,0.0017231157317111176
2017-04-21,0.0017815175106226688
2017-04-20,0.0018118584698663077
2017-04-19,0.0018449587242124741
2017-04-18,0.0018767345920498249
2017-04-17,0.001905656533346026
2017-04-16,0.0019509868432039876
2017-04-15,0.0019829030534562544
2017-04-14,0.0020195637819889066
2017-04-13,0.0020498795577916546
2017-04-12,0.002074535915228561
2017-04-11,0.0020888296906969024
2017-04-10,0.0021058650533894233
2017-04-09,0.00212332943103929
2017-04-08,0.0021455115014140575
2017-04-07,0.002159946469631265
2017-04-06,0.0021845900284170757
2017-04-05,0.0022183622422879408
2017-04-04,0.002240040116458598
2017-04-03,0.0022601964843486683
2017-04-02,0.0022851683849058613
2017-04-01,0.0023365511214941638
2017-03-31,0.002389875858989678
2017-03-30,0.0024302008610669347
2017-03-29,0.002477224505409038
2017-03-28,0.002526555156431303
2017-03-27,0.002573702679502695
2017-03-26,0.0026190383323126693
2017-03-25,0.0026616984655229983
2017-03-24,0.0027003897312388434
2017-03-23,0.002780783209217322
2017-03-22,0.0028343379451386
2017-03-21,0.0029005293724547734
2017-03-20,0.0029316568080892495
2017-03-19,0.002977886333190781
2017-03-18,0.0030264821513880658
2017-03-17,0.0030636205444121347
2017-03-16,0.0030909105932663836
2017-03-15,0.003123926060631202
2017-03-14,0.003158789927842652
2017-03-13,0.0032064738291327326
2017-03-12,0.0032468831858683644
2017-03-11,0.0032600921520686372
2017-03-10,0.0032526051426571174
2017-03-09,0.00325965160020134
2017-03-08,0.0032856739647188194
2017-03-07,0.003284349331920986
2017-03-06,0.0033161836417162993
2017-03-05,0.003337900010264811
2017-03-04,0.003390366500892427
2017-03-03,0.003431885623506887
2017-03-02,0.003447997221040913
2017-03-01,0.003439043604754087
2017-02-28,0.0034560613027897996
2017-02-27,0.003461440421431785
2017-02-26,0.003465476367965666
2017-02-25,0.003482083054089832
2017-02-24,0.0035198708813063678
2017-02-23,0.003527983798485829
2017-02-22,0.003538809526292447
2017-02-21,0.0035320423079065457
2017-02-20,0.003522574579153928
2017-02-19,0.003531140298821411
2017-02-18,0.0035239266560685395
2017-02-17,0.003523475946877845
2017-02-16,0.0035257296616686695
2017-02-15,0.003509512341629108
2017-02-14,0.003493766517147724
2017-02-13,0.0034897209443856612
2017-02-12,0.0034740012212655306
2017-02-11,0.0034609920679669697
2017-02-10,0.003461440421431786
2017-02-09,0.0034578540700761656
2017-02-08,0.003475347811389778
2017-02-07,0.003479837548829125
2017-02-06,0.003517167791595523
2017-02-05,0.0035401634251557112
2017-02-04,0.0035392608090595427
2017-02-03,0.003566820895721656
2017-02-02,0.0035803979814971122
2017-02-01,0.0036021527094688742
2017-01-31,0.0036007919085728605
2017-01-30,0.0035894577603857282
2017-01-29,0.0035980707586329517
2017-01-28,0.0036094128569023275
2017-01-27,0.003618039840367125
2017-01-26,0.0036307642774284954
2017-01-25,0.0036239459874962817
2017-01-24,0.003607597418676808
2017-01-23,0.0036216740585421335
2017-01-22,0.003589004612198542
2017-01-21,0.003561846418129329
2017-01-20,0.0035279837984858345
2017-01-19,0.0035324933377523914
2017-01-18,0.0035311402988214137
2017-01-17,0.0035171677915955247
2017-01-16,0.00355822989373231
2017-01-15,0.0036053284971308513
2017-01-14,0.0036412262755137186
2017-01-13,0.003635766741692608
2017-01-12,0.0036389511781689757
2017-01-11,0.003667647809579366
2017-01-10,0.0036845321241340766
2017-01-09,0.003707842285459058
2017-01-08,0.004223272277549277
2017-01-07,0.005230499751900463
2017-01-06,0.0052553103809238
2017-01-05,0.005263926180702882
2017-01-04,0.005258350779396136
2017-01-03,0.005222911539846503
2017-01-02,0.0051885521562607855
2017-01-01,0.005189056959877588
2016-12-31,0.005219877158667417
2016-12-30,0.00524011611765435
2016-12-29,0.005258350779396136
2016-12-28,0.005270010409889444
2016-12-27,0.0052659540283654105
2016-12-26,0.005254803697921699
2016-12-25,0.005275082173041502
2016-12-24,0.005270517521899989
2016-12-23,0.0052553103809238
2016-12-22,0.005247205170305934
2016-12-21,0.005241634964044452
2016-12-20,0.005246698716318529
2016-12-19,0.005253790374845458
2016-12-18,0.005270517521899989
2016-12-17,0.005270010409889444
2016-12-16,0.005277618590390089
2016-12-15,0.005263926180702882
2016-12-14,0.005276603980596249
2016-12-13,0.005284214946485633
2016-12-12,0.00528066276255682
2016-12-11,0.0052720389436780035
2016-12-10,0.005269503312170913
2016-12-09,0.005301986355161379
2016-12-08,0.005304018485739461
2016-12-07,0.005315199279588463
2016-12-06,0.005331983392701032
2016-12-05,0.0053345277918234735
2016-12-04,0.005393657503085623
2016-12-03,0.005421248429220669
2016-12-02,0.005448880545334141
2016-12-01,0.005485787290423346
2016-11-30,0.005514542925292215
2016-11-29,0.00554488662206163
2016-11-28,0.005567547536562062
2016-11-27,0.005561364602886003
2016-11-26,0.005566516907885588
2016-11-25,0.005573216993061871
2016-11-24,0.005575794577372726
2016-11-23,0.005599524721877075
2016-11-22,0.005606752795883671
2016-11-21,0.005607785600798618
2016-11-20,0.0056021058633627455
2016-11-19,0.0055979762042307445
2016-11-18,0.005612950461024527
2016-11-17,0.005562910147652008
2016-11-16,0.005536653004309138
2016-11-15,0.005533051923636429
2016-11-14,0.0055515790744877155
2016-11-13,0.00554282788167736
2016-11-12,0.0055258518214401494
2016-11-11,0.005560334309592662
2016-11-10,0.005539740191001329
2016-11-09,0.004964353969629212
2016-11-08,0.003951677948373036
2016-11-07,0.003942359207292437
2016-11-06,0.003932116038796824
2016-11-05,0.003954008640270384
2016-11-04,0.003981074052304048
2016-11-03,0.004014747604802019
2016-11-02,0.004040526341771309
2016-11-01,0.004048034678530227
2016-10-31,0.004039588086792681
2016-10-30,0.004032553209269234
2016-10-29,0.004046157211604718
2016-10-28,0.004072464942621271
2016-10-27,0.004116264683427486
2016-10-26,0.004147904231330283
2016-10-25,0.004169194458652727
2016-10-24,0.004220420991658426
2016-10-23,0.004245150859533149
2016-10-22,0.0042684926858067304
2016-10-21,0.004295214905621676
2016-10-20,0.004320072078298495
2016-10-19,0.004344012779194402
2016-10-18,0.004395856677700455
2016-10-17,0.004445467830190956
2016-10-16,0.0044971779155930265
2016-10-15,0.005842097940917537
2016-10-14,0.006900958639621664
2016-10-13,0.01039664488746504
2016-10-12,0.011594665374091482
2016-10-11,0.012580762226613838
2016-10-10,0.012806431714945225
2016-10-09,0.013031288722438668
2016-10-08,0.013291851028308191
2016-10-07,0.013652327382839197
2016-10-06,0.01386659757607577
2016-10-05,0.014000758375618656
2016-10-04,0.014145453124092574
2016-10-03,0.01427564282797289
2016-10-02,0.015595111662400872
2016-10-01,0.015782877721588092
2016-09-30,0.01598814308225519
2016-09-29,0.016097044171952832
2016-09-28,0.01623506085137274
2016-09-27,0.016386852879309934
2016-09-26,0.016516377996143253
2016-09-25,0.016654724709413177
2016-09-24,0.016824035762676683
2016-09-23,0.01716559068543341
2016-09-22,0.01734071384914811
2016-09-21,0.017769929804722716
2016-09-20,0.017927230093491935
2016-09-19,0.01801075640070113
2016-09-18,0.018127155859238592
2016-09-17,0.018304356854280737
2016-09-16,0.01846155982438699
2016-09-15,0.0186132847842684
2016-09-14,0.018794067682299107
2016-09-13,0.019056592363896153
2016-09-12,0.019169005907743206
2016-09-11,0.01932166444748761
2016-09-10,0.019453115094049754
2016-09-09,0.019606431046593716
2016-09-08,0.019781760007601235
2016-09-07,0.01991336916340542
2016-09-06,0.020047483475092602
2016-09-05,0.02015706779876261
2016-09-04,0.020233730435563715
2016-09-03,0.020369225124918337
2016-09-02,0.020494415798261507
2016-09-01,0.020657650365384965
2016-08-31,0.020804582007756266
2016-08-30,0.020879680012761064
2016-08-29,0.020999697401343304
2016-08-28,0.02101946639329853
2016-08-27,0.021078806044110783
2016-08-26,0.021260933470859073
2016-08-25,0.02141598734444948
2016-08-24,0.02150550311718053
2016-08-23,0.021618893249573487
2016-08-22,0.021698677194540363
2016-08-21,0.021803139811767795
2016-08-20,0.021872350220192086
2016-08-19,0.02188927808855159
2016-08-18,0.02196241972305046
2016-08-17,0.022072651753295893
2016-08-16,0.020235234476324256
2016-08-15,0.018899391815137157
2016-08-14,0.014827330504014864
2016-08-13,0.01379058447543916
2016-08-12,0.012996925664719468
2016-08-11,0.012959289015787759
2016-08-10,0.012851179665700629
2016-08-09,0.01270394762515964
2016-08-08,0.012499704996265756
2016-08-07,0.012397296582855911
2016-08-06,0.012378407399084202
2016-08-05,0.01256048353559082
2016-08-04,0.012921024909263166
2016-08-03,0.012025642147027376
2016-08-02,0.012096085295486128
2016-08-01,0.01206246435850313
2016-07-31,0.012114200225123096
2016-07-30,0.012347811817703103
2016-07-29,0.012369291502733276
2016-07-28,0.012795909431580318
2016-07-27,0.012831432287454338
2016-07-26,0.012968530143026132
2016-07-25,0.012929598465078658
2016-07-24,0.012982395450804875
2016-07-23,0.012809720447964905
2016-07-22,0.012844596218048013
2016-07-21,0.012949389949411723
2016-07-20,0.013000889276442136
2016-07-19,0.01297447188640838
2016-07-18,0.01297513212932318
2016-07-17,0.0129982468292951
2016-07-16,0.0129856973541095
2016-07-15,0.012879499745756626
2016-07-14,0.012876864549544627
2016-07-13,0.01291443099990742
2016-07-12,0.01292761980436083
2016-07-11,0.012993622925370863
2016-07-10,0.013079573978732455
2016-07-09,0.013230718904398265
2016-07-08,0.013769752728274163
2016-07-07,0.014119051065755773
2016-07-06,0.014381678768873118
2016-07-05,0.014527511509689506
2016-07-04,0.014789583618667333
2016-07-03,0.014911848151675839
2016-07-02,0.01505647119723285
2016-07-01,0.015266552709047134
2016-06-30,0.015533829409261428
2016-06-29,0.015796864285736695
2016-06-28,0.0159383317282389
2016-06-27,0.015961477821902766
2016-06-26,0.01588156032382237
2016-06-25,0.015934825602689974
2016-06-24,0.01590538307011058
2016-06-23,0.01595797020568031
2016-06-22,0.01597691401528888
2016-06-21,0.01606962287147067
2016-06-20,0.01618854731416384
2016-06-19,0.016297845499181316
2016-06-18,0.016411602335100032
2016-06-17,0.016481667134338497
2016-06-16,0.016544020289317236
2016-06-15,0.016604313193420723
2016-06-14,0.01649370725509245
2016-06-13,0.016398872677163206
2016-06-12,0.01636423438188329
2016-06-11,0.01743206974150426
2016-06-10,0.02111230129950455
2016-06-09,0.021184673693664176
2016-06-08,0.021266274660141804
2016-06-07,0.0212166930240573
2016-06-06,0.02111534709503752
2016-06-05,0.02075153026792934
2016-06-04,0.020523105486754865
2016-06-03,0.020354910408745094
2016-06-02,0.020438580155332887
2016-06-01,0.020550296031843135
2016-05-31,0.02065311095288997
2016-05-30,0.020787146345814297
2016-05-29,0.020449140232986267
2016-05-28,0.02051479936810346
2016-05-27,0.020440088640037227
2016-05-26,0.020508759173136642
2016-05-25,0.020572962872067932
2016-05-24,0.020561628537118376
2016-05-23,0.020594881106227942
2016-05-22,0.020634956225276772
2016-05-21,0.020708360313646434
2016-05-20,0.020926751423116452
2016-05-19,0.021092506765790036
2016-05-18,0.0212288945891845
2016-05-17,0.021283063812957272
2016-05-16,0.02153842954482825
2016-05-15,0.02183466103040311
2016-05-14,0.022341582687292482
2016-05-13,0.022784905098416023
2016-05-12,0.02305633860760559
2016-05-11,0.02315093663441994
2016-05-10,0.023175190740413874
2016-05-09,0.02267830631005233
2016-05-08,0.022570301118358
2016-05-07,0.02284644098343498
2016-05-06,0.022989172663887694
2016-05-05,0.023066496591254947
2016-05-04,0.023276198943604276
2016-05-03,0.023422849861742673
2016-05-02,0.02355876150612069
2016-05-01,0.023690965237995108
2016-04-30,0.023691752813450692
2016-04-29,0.023877045460371196
2016-04-28,0.024156171516859275
2016-04-27,0.024461681311082624
2016-04-26,0.02474198628708957
2016-04-25,0.025104893414950147
2016-04-24,0.025418678286194707
2016-04-23,0.0258846182670455
2016-04-22,0.02627749500587776
2016-04-21,0.026774897132629663
2016-04-20,0.027153629127944306
2016-04-19,0.02743520391466655
2016-04-18,0.02806046562398889
2016-04-17,0.028636537868608845
2016-04-16,0.02924785247240684
2016-04-15,0.029964122481989115
2016-04-14,0.030578452582223418
2016-04-13,0.031181053931362022
2016-04-12,0.030544510257419725
2016-04-11,0.026998021482271387
2016-04-10,0.02758083867593377
2016-04-09,0.028071225047326953
2016-04-08,0.028732327071746472
2016-04-07,0.02929309899145091
2016-04-06,0.029801424571866124
2016-04-05,0.030524150163230217
2016-04-04,0.031661833700744366
2016-04-03,0.0323387033592853
2016-04-02,0.033240437168278944
2016-04-01,0.0335827436029541
2016-03-31,0.034074030386288104
2016-03-30,0.034628117655221044
2016-03-29,0.03534763587160705
2016-03-28,0.03630507309429715
2016-03-27,0.03791642140302559
2016-03-26,0.03934873746771352
2016-03-25,0.04008264175654097
2016-03-24,0.04079002663473568
2016-03-23,0.041186741206139806
2016-03-22,0.0417378902796252
2016-03-21,0.042096260268952766
2016-03-20,0.04244524892943015
2016-03-19,0.042870956331289206
2016-03-18,0.043376862256885085
2016-03-17,0.04395527565397829
2016-03-16,0.04582136942791146
2016-03-15,0.04836486146597163
2016-03-14,0.05025864097303425
2016-03-13,0.05200194428268163
2016-03-12,0.0541343650539632
2016-03-11,0.056549609707077404
2016-03-10,0.05845194006397279
2016-03-09,0.06084752662726396
2016-03-08,0.06286504477003312
2016-03-07,0.06466907357889479
2016-03-06,0.06638463517224473
2016-03-05,0.06852140323714512
2016-03-04,0.07106651954587685
2016-03-03,0.07400337253559024
2016-03-02,0.07610203664485592
2016-03-01,0.07876365345270542
2016-02-29,0.08115803571349117
2016-02-28,0.08382519051582675
2016-02-27,0.08608730405860934
2016-02-26,0.08807758242360345
2016-02-25,0.09271732614969147
2016-02-24,0.09664053665411948
2016-02-23,0.09907465483981717
2016-02-22,0.10135277632817598
2016-02-21,0.10339126079160499
2016-02-20,0.10587357615020374
2016-02-19,0.109136078943956
2016-02-18,0.11107028647967261
2016-02-17,0.11265612943162179
2016-02-16,0.11468203400404867
2016-02-15,0.11645471453266885
2016-02-14,0.11822902816847612
2016-02-13,0.119793360954794
2016-02-12,0.12172987086545484
2016-02-11,0.12362561077380804
2016-02-10,0.1254349359578901
2016-02-09,0.12765030482271847
2016-02-08,0.12958540912429362
2016-02-07,0.1310088517830601
2016-02-06,0.13672549144607202
2016-02-05,0.1395634682233603
2016-02-04,0.14469584977025973
2016-02-03,0.14792426926726912
2016-02-02,0.15054633419782376
2016-02-01,0.1539770120898445
2016-01-31,0.15722042730974742
2016-01-30,0.16261862164576663
2016-01-29,0.16658285971330505
2016-01-28,0.16829774570498343
2016-01-27,0.16997568406545457
2016-01-26,0.17085019234606216
2016-01-25,0.1731077708003884
2016-01-24,0.17512067541561321
2016-01-23,0.17925517390524098
2016-01-22,0.18298049534582883
2016-01-21,0.1859327868423359
2016-01-20,0.18881497017629745
2016-01-19,0.19142828300893625
2016-01-18,0.19437587387009447
2016-01-17,0.1965033598633411
2016-01-16,0.19685908777413944
2016-01-15,0.19633361382852443
2016-01-14,0.19756524524959385
2016-01-13,0.20165546235810777
2016-01-12,0.20196815895743203
2016-01-11,0.20206996345516773
2016-01-10,0.2036431974734076
2016-01-09,0.2049769547494762
2016-01-08,0.20807166238460084
2016-01-07,0.21125465046972364
2016-01-06,0.21247849170131583
2016-01-05,0.213776401206004
2016-01-04,0.21416052187590168
2016-01-03,0.21506460099588898
2016-01-02,0.21696498469153805
2016-01-01,0.21902282819709304
2015-12-31,0.22421961371101454
2015-12-30,0.22791122756654597
2015-12-29,0.23220115303384353
2015-12-28,0.23810903978145026
2015-12-27,0.241802076282877
2015-12-26,0.24206494517193752
2015-12-25,0.2455632598700235
2015-12-24,0.24926607289270214
2015-12-23,0.2540226449508709
2015-12-22,0.2582931726550663
2015-12-21,0.2623662395189857
2015-12-20,0.2654152757530425
2015-12-19,0.2717260089254492
2015-12-18,0.27590493629328133
2015-12-17,0.2812884681827123
2015-12-16,0.2852305564289651
2015-12-15,0.29381451829671307
2015-12-14,0.30175379256172996
2015-12-13,0.30932004680052144
2015-12-12,0.3203755439531037
2015-12-11,0.33105106032433596
2015-12-10,0.3434301481500418
2015-12-09,0.35884641996100153
2015-12-08,0.36571436504046057
2015-12-07,0.3757414311580495
2015-12-06,0.38323931213819057
2015-12-05,0.3945984651412237
2015-12-04,0.4073436580378116
2015-12-03,0.4239654165495474
2015-12-02,0.43984420622328185
2015-12-01,0.44869244682916204
2015-11-30,0.4592632982879353
2015-11-29,0.4713197097731314
2015-11-28,0.4833109282513093
2015-11-27,0.5014428107946998
2015-11-26,0.5175071381394498
2015-11-25,0.5371657842766298
2015-11-24,0.5587321036113517
2015-11-23,0.5847624642648401
2015-11-22,0.6086611313023336
2015-11-21,0.6386919288317644
2015-11-20,0.6655493585838166
2015-11-19,0.7027762434271355
2015-11-18,0.744428639909139
2015-11-17,0.7836834345277627
2015-11-16,0.8223585318211374
2015-11-15,0.8630454527132423
2015-11-14,0.9028789995271145
2015-11-13,0.950887031256379
2015-11-12,1.0048825206064624
2015-11-11,1.0500355594035804
2015-11-10,1.0951183029815277
2015-11-09,1.139982231034555
2015-11-08,1.1871113925567005
2015-11-07,1.2364878211472166
2015-11-06,1.2774625134284234
2015-11-05,1.3321983049981783
2015-11-04,1.378399872748087
2015-11-03,1.4269451211170987
2015-11-02,1.4654838741678218
2015-11-01,1.503062778747363
2015-10-31,1.55395809409939
2015-10-30,1.6007509650723313
2015-10-29,1.6423412087011373
2015-10-28,1.6777574886362456
2015-10-27,1.7369260529315764
2015-10-26,1.8115287692631636
2015-10-25,1.8507433728982459
2015-10-24,1.8920634816561823
2015-10-23,1.926734010766956
2015-10-22,1.9774129454597948
2015-10-21,2.0231391795227998
2015-10-20,2.0623051887987027
2015-10-19,2.1075992441729055
2015-10-18,2.1665411663255147
2015-10-17,2.2121738319762807
2015-10-16,2.251973513008621
2015-10-15,2.3041425727755103
2015-10-14,2.359638717066087
2015-10-13,2.3954274344480866
2015-10-12,2.4318443332562483
2015-10-11,2.469957380564457
2015-10-10,2.495336988387905
2015-10-09,2.5388729415860425
2015-10-08,2.5758499996588156
2015-10-07,2.6160252879390944
2015-10-06,2.6500991243077605
2015-10-05,2.6783863799785204
2015-10-04,2.7028908039605994
2015-10-03,2.7363379333510625
2015-10-02,2.771903514689936
2015-10-01,2.807070681942107
2015-09-30,2.8484730030348806
2015-09-29,2.8819344617458516
2015-09-28,2.9025878716275826
2015-09-27,2.932456853367109
2015-09-26,2.960422987933595
2015-09-25,2.975570478176567
2015-09-24,2.972174668602249
2015-09-23,2.974564914776659
2015-09-22,2.9756191369949954
2015-09-21,2.9832744465199803
2015-09-20,2.971821206428329
2015-09-19,2.9583987731668873
2015-09-18,2.957760824734222
2015-09-17,2.9444055613768
2015-09-16,2.9254177649892403
2015-09-15,2.896773527963643
2015-09-14,2.8710076127377593
2015-09-13,2.8487804673010357
2015-09-12,2.829464379906251
2015-09-11,2.8100815678602165
2015-09-10,2.789222585527016
2015-09-09,2.771982946102203
2015-09-08,2.762608295364837
2015-09-07,2.759555287389446
2015-09-06,2.7399881774448405
2015-09-05,2.7386836767924883
2015-09-04,2.735926460121744
2015-09-03,2.73206266165082
2015-09-02,2.726037572060975
2015-09-01,2.710952451112236
2015-08-31,2.6914147227092236
2015-08-30,2.674417664379181
2015-08-29,2.665037352632099
2015-08-28,2.631185603448159
2015-08-27,2.576751861182207
2015-08-26,2.560222090870904
2015-08-25,2.5401519176834544
2015-08-24,2.524278755888581
2015-08-23,2.4945760355266122
2015-08-22,2.4803922710912922
2015-08-21,2.466229152589298
2015-08-20,2.4463721412517043
2015-08-19,2.407930634134794
2015-08-18,2.388519873488809
2015-08-17,2.3648747337971328
2015-08-16,2.328867779078132
2015-08-15,2.2910186996791535
2015-08-14,2.2671012693425547
2015-08-13,2.2435412201178235
2015-08-12,2.2125515550783494
2015-08-11,2.1904050131714987
2015-08-10,2.1567750183639265
2015-08-09,2.129156946440069
2015-08-08,2.0993028720468416
2015-08-07,2.0917357914889525
2015-08-06,2.074710704937384
2015-08-05,2.0573624817604754
2015-08-04,2.0406495212030045
2015-08-03,2.0307343295298095
2015-08-02,2.0209983911814295
2015-08-01,2.0063436210923284
2015-07-31,1.9959870119291303
2015-07-30,1.975637461718669
2015-07-29,1.9478606918468715
2015-07-28,1.919255068502991
2015-07-27,1.895038728301977
2015-07-26,1.8793113419988818
2015-07-25,1.8675948056965668
2015-07-24,1.8451794239508927
2015-07-23,1.82907400870074
2015-07-22,1.8142081895465563
2015-07-21,1.7950402022510363
2015-07-20,1.767337390497021
2015-07-19,1.7512263427781671
2015-07-18,1.7360284046417829
2015-07-17,1.7290845424970052
2015-07-16,1.7192724224482119
2015-07-15,1.691853278445278
2015-07-14,1.6757830528248445
2015-07-13,1.6617759586282252
2015-07-12,1.6418696895305078
2015-07-11,1.6221533541324333
2015-07-10,1.5972785171255997
2015-07-09,1.5720995103167765
2015-07-08,1.5455062764968577
2015-07-07,1.5159117426910416
2015-07-06,1.482825704900372
2015-07-05,1.4631065862962604
2015-07-04,1.4440765591622071
2015-07-03,1.4202900933897131
2015-07-02,1.403400923195454
2015-07-01,1.385961570527193
2015-06-30,1.3669354293814744
2015-06-29,1.3569370710829292
2015-06-28,1.343319903105168
2015-06-27,1.3328084811219147
2015-06-26,1.3238742642901815
2015-06-25,1.318611135559972
2015-06-24,1.3085164324412315
2015-06-23,1.297175015892471
2015-06-22,1.290449590791229
2015-06-21,1.278262788558581
2015-06-20,1.270436034208834
2015-06-19,1.262772274153105
2015-06-18,1.260219026237211
2015-06-17,1.2566944020195956
2015-06-16,1.2494978460346322
2015-06-15,1.2422154555831078
2015-06-14,1.2332760151966446
2015-06-13,1.2301943834841271
2015-06-12,1.2295432708463703
2015-06-11,1.2257663076273928
2015-06-10,1.222925194345667
2015-06-09,1.2151745046516824
2015-06-08,1.1910044407291875
2015-06-07,1.1766311972222114
2015-06-06,1.1611615211245225
2015-06-05,1.1409620446031166
2015-06-04,1.119324383390584
2015-06-03,1.0969462965778913
2015-06-02,1.0780463761461667
2015-06-01,1.0570671072271984
2015-05-31,1.0487661787989269
2015-05-30,1.046694541280316
2015-05-29,1.0461093479092594
2015-05-28,1.045018039331969
2015-05-27,1.0487255469254029
2015-05-26,1.0464413438126272
2015-05-25,1.0448819476606235
2015-05-24,1.0368712661159605
2015-05-23,1.0333046019927419
2015-05-22,1.033428351106922
2015-05-21,1.0335449648211332
2015-05-20,1.0299887923800117
2015-05-19,1.0275431861527557
2015-05-18,1.0234353662716167
2015-05-17,1.0145169317819795
2015-05-16,1.0127492390824047
2015-05-15,1.0088738931932297
2015-05-14,1.00507607783913
2015-05-13,1.0027022160096866
2015-05-12,0.9961719877980395
2015-05-11,0.9886439875574125
2015-05-10,0.9843923572792956
2015-05-09,0.9844557049464573
2015-05-08,0.9855069812148115
2015-05-07,0.9852793332565353
2015-05-06,0.9835243799215884
2015-05-05,0.9795275459605115
2015-05-04,0.9725510007188065
2015-05-03,0.9692118427934499
2015-05-02,0.968104985684075
2015-05-01,0.9670778550017227
2015-04-30,0.9606212708634619
2015-04-29,0.959391551893475
2015-04-28,0.9561983039987035
2015-04-27,0.952164663788872
2015-04-26,0.9452667857917132
2015-04-25,0.9440196833689412
2015-04-24,0.9386681956192291
2015-04-23,0.9310581488335423
2015-04-22,0.9354491021924637
2015-04-21,0.9372386293624781
2015-04-20,0.9349406339268537
2015-04-19,0.9311112383447292
2015-04-18,0.9280473491025653
2015-04-17,0.9303680658791204
2015-04-16,0.9346979844382314
2015-04-15,0.9383859329576806
2015-04-14,0.9392420520908741
2015-04-13,0.9363946060801852
2015-04-12,0.9376919502021095
2015-04-11,0.939096264302706
2015-04-10,0.9427892801641853
2015-04-09,0.9502507255025068
2015-04-08,0.956996323608602
2015-04-07,0.9629538789989242
2015-04-06,0.9675353555887876
2015-04-05,0.9677991474823673
2015-04-04,0.9721231951086244
2015-04-03,0.9768063372674135
2015-04-02,0.9881084235739513
2015-04-01,0.9950609037424536
2015-03-31,0.9972104262159422
2015-03-30,0.9956422943807379
2015-03-29,0.9962543919677624
2015-03-28,0.9926304980676872
2015-03-27,0.9944819657858069
2015-03-26,1.0002027099610997
2015-03-25,1.007227185739998
2015-03-24,1.011944965843806
2015-03-23,1.0157740332941851
2015-03-22,1.016351837330137
2015-03-21,1.0197471933598699
2015-03-20,1.0232075590688834
2015-03-19,1.0265692208993547
2015-03-18,1.034313759808881
2015-03-17,1.043282662855285
2015-03-16,1.0506190037231862
2015-03-15,1.0538679396664492
2015-03-14,1.0623629734774722
2015-03-13,1.0775813761975568
2015-03-12,1.0931170093078457
2015-03-11,1.1086957195745175
2015-03-10,1.1163875257608313
2015-03-09,1.117943340489916
2015-03-08,1.1208862694563972
2015-03-07,1.123429047554701
2015-03-06,1.126942462148786
2015-03-05,1.1379033940077539
2015-03-04,1.1484559498810731
2015-03-03,1.1573514561626645
2015-03-02,1.1628166440118386
2015-03-01,1.167719555945276
2015-02-28,1.173643624434505
2015-02-27,1.181984230781661
2015-02-26,1.1904562126761646
2015-02-25,1.20133034272045
2015-02-24,1.2100021123680935
2015-02-23,1.212527647058597
2015-02-22,1.2176782243857407
2015-02-21,1.2198836452017847
2015-02-20,1.22205773938961
2015-02-19,1.2262817162935353
2015-02-18,1.230622670290361
2015-02-17,1.2346246255357032
2015-02-16,1.2342109723800723
2015-02-15,1.2289348222443661
2015-02-14,1.226934825199743
2015-02-13,1.230079179281814
2015-02-12,1.2343538661528113
2015-02-11,1.2364752800687078
2015-02-10,1.2382840881658552
2015-02-09,1.2435141602477886
2015-02-08,1.2401087326593871
2015-02-07,1.2420496921101734
2015-02-06,1.2436900308863976
2015-02-05,1.2475409089942118
2015-02-04,1.2562055195863646
2015-02-03,1.2578891222935114
2015-02-02,1.2580076042365675
2015-02-01,1.2526640477626618
2015-01-31,1.2529863365332272
2015-01-30,1.254447011783487
2015-01-29,1.2591673872604465
2015-01-28,1.2640797592647603
2015-01-27,1.2699026175609316
2015-01-26,1.2690533312355663
2015-01-25,1.2633224802074445
2015-01-24,1.2600298635716036
2015-01-23,1.2617099189802352
2015-01-22,1.2612431711554544
2015-01-21,1.2630448445249607
2015-01-20,1.2665443597915902
2015-01-19,1.2665948786002874
2015-01-18,1.2657209864303365
2015-01-17,1.2631786122135509
2015-01-16,1.266658027941094
2015-01-15,1.2696548918592598
2015-01-14,1.2775334179555748
2015-01-13,1.279073343325548
2015-01-12,1.275556120511417
2015-01-11,1.270673691186118
2015-01-10,1.268967400820205
2015-01-09,1.2749512113398838
2015-01-08,1.2806619602968754
2015-01-07,1.2891570236763572
2015-01-06,1.2965620345630247
2015-01-05,1.3039259546782818
2015-01-04,1.3019596903962287
2015-01-03,1.3004091963326776
2015-01-02,1.300073200019571
2015-01-01,1.3060511076510728
2014-12-31,1.316996091885932
2014-12-30,1.321484891882611
2014-12-29,1.3229685075622022
2014-12-28,1.324954245379616
2014-12-27,1.3312191177938901
2014-12-26,1.337523436563512
2014-12-25,1.3493552887053246
2014-12-24,1.364386710698411
2014-12-23,1.3784827317327002
2014-12-22,1.3908398102329047
2014-12-21,1.4012539388294356
2014-12-20,1.4194621204712055
2014-12-19,1.4400018327651682
2014-12-18,1.4647616073200498
2014-12-17,1.4843178737241667
2014-12-16,1.504446649106297
2014-12-15,1.5275970833260202
2014-12-14,1.5397900820013009
2014-12-13,1.5795425453378449
2014-12-12,1.6068899338452434
2014-12-11,1.6280361868275721
2014-12-10,1.6455774990037626
2014-12-09,1.6706362722140848
2014-12-08,1.7167370401505126
2014-12-07,1.753490344986878
2014-12-06,1.785155998163733
2014-12-05,1.818767269003726
2014-12-04,1.853868895201098
2014-12-03,1.8878288901474798
2014-12-02,1.925443142502435
2014-12-01,1.953668364911984
2014-11-30,1.9749929932627706
2014-11-29,2.0087516268220194
2014-11-28,2.0492467509807386
2014-11-27,2.0846531289948302
2014-11-26,2.1208886516414767
2014-11-25,2.157619370976493
2014-11-24,2.1744349934720315
2014-11-23,2.2034646805283944
2014-11-22,2.263839786450023
2014-11-21,2.330443979783347
2014-11-20,2.3591750069170208
2014-11-19,2.405315085168207
2014-11-18,2.4445008046787837
2014-11-17,2.478150526573364
2014-11-16,2.519049793080099
2014-11-15,2.5594336672479763
2014-11-14,2.5782727956979645
2014-11-13,2.64618034986976
2014-11-12,2.7252250367691806
2014-11-11,2.805894014287267
2014-11-10,2.870593518261572
2014-11-09,2.9242203218699045
2014-11-08,2.9807880298169485
2014-11-07,3.0344055832954413
2014-11-06,3.073283137900345
2014-11-05,3.1101985949057736
2014-11-04,3.1469823233068213
2014-11-03,3.180435218885737
2014-11-02,3.2066678415536507
2014-11-01,3.2422704373347604
2014-10-31,3.3005834408148162
2014-10-30,3.358779632405661
2014-10-29,3.4075916311974273
2014-10-28,3.4438345540378723
2014-10-27,3.4833382502103634
2014-10-26,3.5120308247471357
2014-10-25,3.556405093110513
2014-10-24,3.5869544020407798
2014-10-23,3.614777505049152
2014-10-22,3.6370681878189766
2014-10-21,3.647486526257997
2014-10-20,3.669401352096976
2014-10-19,3.6765468701735693
2014-10-18,3.701932300650566
2014-10-17,3.744338618157352
2014-10-16,3.7662968220134716
2014-10-15,3.8050571619632754
2014-10-14,3.7960415915418215
2014-10-13,3.8043181165769413
2014-10-12,3.8162804740936163
2014-10-11,3.8558446683947487
2014-10-10,3.8995549787181942
2014-10-09,3.896314442498494
2014-10-08,3.9049107891907746
2014-10-07,3.9228200655701757
2014-10-06,3.952462434709346
2014-10-05,3.9675692562197344
2014-10-04,4.011701979221381
2014-10-03,4.030767091028643
2014-10-02,4.04930834855363
2014-10-01,4.07090016626807
2014-09-30,4.076046368418372
2014-09-29,4.0928069265925675
2014-09-28,4.105911888494033
2014-09-27,4.135230316939232
2014-09-26,4.185601593538506
2014-09-25,4.258188028301023
2014-09-24,4.294897924316511
2014-09-23,4.284094714526433
2014-09-22,4.261481506618686
2014-09-21,4.291055228131283
2014-09-20,4.319646714732014
2014-09-19,4.3506937647967145
2014-09-18,4.391589845616025
2014-09-17,4.422178679843105
2014-09-16,4.428854239244659
2014-09-15,4.461943832979221
2014-09-14,4.4440966273159175
2014-09-13,4.459113312519819
2014-09-12,4.442071934498536
2014-09-11,4.448873054013921
2014-09-10,4.510458167673261
2014-09-09,4.563357184772496
2014-09-08,4.6050482246909255
2014-09-07,4.630535545466271
2014-09-06,4.672212329552854
2014-09-05,4.734727661385182
2014-09-04,4.796239583128069
2014-09-03,4.844844601918806
2014-09-02,4.879394698742462
2014-09-01,4.889506605613517
2014-08-31,4.8838910397175965
2014-08-30,4.895750841637539
2014-08-29,4.921638220724934
2014-08-28,4.940895567542599
2014-08-27,4.952630009704405
2014-08-26,4.980321185903247
2014-08-25,5.029092700448655
2014-08-24,5.043920512141485
2014-08-23,5.0710280384835675
2014-08-22,5.105555450897351
2014-08-21,5.135282678015351
2014-08-20,5.195518625277678
2014-08-19,5.223164023179678
2014-08-18,5.222662943439916
2014-08-17,5.2466272300876
2014-08-16,5.249898446642102
2014-08-15,5.295070653619194
2014-08-14,5.316274609762804
2014-08-13,5.329059678678999
2014-08-12,5.336972152195694
2014-08-11,5.311934194952874
2014-08-10,5.301850299064971
2014-08-09,5.297809094018652
2014-08-08,5.307095222894981
2014-08-07,5.311334538157616
2014-08-06,5.361713068233302
2014-08-05,5.339201042135605
2014-08-04,5.312883692095784
2014-08-03,5.295696656022156
2014-08-02,5.2981048550285905
2014-08-01,5.3207698976521645
2014-07-31,5.345458018041494
2014-07-30,5.365514032686214
2014-07-29,5.384333857753311
2014-07-28,5.355369605836684
2014-07-27,5.304662772644539
2014-07-26,5.292371026575903
2014-07-25,5.315317245682028
2014-07-24,5.342966521857215
2014-07-23,5.368922464560977
2014-07-22,5.371178393030607
2014-07-21,5.379668569066088
2014-07-20,5.359365807886053
2014-07-19,5.369716828222472
2014-07-18,5.402547135156843
2014-07-17,5.440618608724506
2014-07-16,5.447738855847698
2014-07-15,5.4141671589600096
2014-07-14,5.40978415615673
2014-07-13,5.386803968887773
2014-07-12,5.329028897560594
2014-07-11,5.275917024953186
2014-07-10,5.245738665518965
2014-07-09,5.252131950321245
2014-07-08,5.245045462565785
2014-07-07,5.209421950817971
2014-07-06,5.180191372357633
2014-07-05,5.159601627667283
2014-07-04,5.156042142560035
2014-07-03,5.156811905985
2014-07-02,5.155832559338368
2014-07-01,5.152864366776394
2014-06-30,5.117041804265339
2014-06-29,5.075040561776727
2014-06-28,5.056282994787473
2014-06-27,5.016390629717339
2014-06-26,4.966177846576632
2014-06-25,4.94773119705293
2014-06-24,4.9368053010746795
2014-06-23,4.918717693554707
2014-06-22,4.875619309686922
2014-06-21,4.837299165587767
2014-06-20,4.824770960271989
2014-06-19,4.839438622095595
2014-06-18,4.8279703369004
2014-06-17,4.828183401560932
2014-06-16,4.786810988860064
2014-06-15,4.755293860714465
2014-06-14,4.7522128477659535
2014-06-13,4.7272551822372
2014-06-12,4.730576683010704
2014-06-11,4.766003809494245
2014-06-10,4.791830442160529
2014-06-09,4.843703400176903
2014-06-08,4.844923179362342
2014-06-07,4.819965587986487
2014-06-06,4.839318924904127
2014-06-05,4.8829234177210905
2014-06-04,4.923382509957631
2014-06-03,4.924254722458337
2014-06-02,4.907145826429425
2014-06-01,4.8690378591166885
2014-05-31,4.856702788372486
2014-05-30,4.8431197339862235
2014-05-29,4.857114683453499
2014-05-28,4.8834784808363425
2014-05-27,4.876594005428109
2014-05-26,4.854096853044344
2014-05-25,4.801097727059123
2014-05-24,4.75600093893711
2014-05-23,4.727069436152639
2014-05-22,4.7213160815901345
2014-05-21,4.718846743098576
2014-05-20,4.687728469686011
2014-05-19,4.6559641634546525
2014-05-18,4.623753845394492
2014-05-17,4.604797541050777
2014-05-16,4.590371541651651
2014-05-15,4.581755438498837
2014-05-14,4.59465189778995
2014-05-13,4.598782333021342
2014-05-12,4.582429091036323
2014-05-11,4.565427330594743
2014-05-10,4.556439084650465
2014-05-09,4.579131047123502
2014-05-08,4.596862521850464
2014-05-07,4.591944307806252
2014-05-06,4.603728493929294
2014-05-05,4.64106272315049
2014-05-04,4.63849122943363
2014-05-03,4.6426109931991
2014-05-02,4.625281965696306
2014-05-01,4.630391537920932
2014-04-30,4.654388703700437
2014-04-29,4.691901764756468
2014-04-28,4.705248033592555
2014-04-27,4.738931752643654
2014-04-26,4.758304738908931
2014-04-25,4.759715465921922
2014-04-24,4.786505247297268
2014-04-23,4.845873621811053
2014-04-22,4.881310839192577
2014-04-21,4.931508620659806
2014-04-20,4.928402110310974
2014-04-19,4.961033968096577
2014-04-18,4.991629991590017
2014-04-17,5.052032391654605
2014-04-16,5.13640171494034
2014-04-15,5.219044877224426
2014-04-14,5.271793404726418
2014-04-13,5.321946777813589
2014-04-12,5.315397985281054
2014-04-11,5.362464717683795
2014-04-10,5.363185559220501
2014-04-09,5.3993217216844185
2014-04-08,5.437599425691414
2014-04-07,5.45324643029574
2014-04-06,5.453660919906644
2014-04-05,5.453889474199443
2014-04-04,5.494744900217793
2014-04-03,5.5319236205448865
2014-04-02,5.577073912689384
2014-04-01,5.620111624331554
2014-03-31,5.655601999977451
2014-03-30,5.680918921829885
2014-03-29,5.718343561244143
2014-03-28,5.773167623788734
2014-03-27,5.8038125298878915
2014-03-26,5.856315197573096
2014-03-25,5.951816572224458
2014-03-24,6.026453881585638
2014-03-23,6.062020460670768
2014-03-22,6.108810253369772
2014-03-21,6.184864426591152
2014-03-20,6.238870816355169
2014-03-19,6.29939808314675
2014-03-18,6.377008603043819
2014-03-17,6.419432500998203
2014-03-16,6.479105102402239
2014-03-15,6.508638871703908
2014-03-14,6.540221920595495
2014-03-13,6.591926388778371
2014-03-12,6.63428728758259
2014-03-11,6.666766383044012
2014-03-10,6.664691686820069
2014-03-09,6.666737623585896
2014-03-08,6.694355193820361
2014-03-07,6.721730241950966
2014-03-06,6.704867523302477
2014-03-05,6.7446357794093945
2014-03-04,6.804584501196868
2014-03-03,6.871990921965221
2014-03-02,6.945927741586855
2014-03-01,7.009511855851843
2014-02-28,7.069624554060232
2014-02-27,7.126677919288951
2014-02-26,7.161459331308854
2014-02-25,7.25438995800942
2014-02-24,7.314285255242729
2014-02-23,7.316539674539026
2014-02-22,7.325462246522964
2014-02-21,7.359801359579615
2014-02-20,7.404188335092069
2014-02-19,7.480971765645293
2014-02-18,7.519918519110789
2014-02-17,7.538477081260598
2014-02-16,7.557206734331558
2014-02-15,7.552075603244351
2014-02-14,7.512224841843632
2014-02-13,7.58370965381869
2014-02-12,7.612456420307349
2014-02-11,7.690879291361871
2014-02-10,7.675803573076065
2014-02-09,7.657381860050001
2014-02-08,7.661138768294869
2014-02-07,7.695009493347657
2014-02-06,7.739952318813122
2014-02-05,7.810888154144529
2014-02-04,7.920578188246669
2014-02-03,7.978760610969611
2014-02-02,8.070581878861217
2014-02-01,8.123154280643943
2014-01-31,8.196381217960957
2014-01-30,8.266846530159587
2014-01-29,8.378804870985467
2014-01-28,8.498917472503207
2014-01-27,8.581734078590923
2014-01-26,8.635994186326725
2014-01-25,8.728724566439105
2014-01-24,8.832935971993466
2014-01-23,9.013264991879648
2014-01-22,9.212664623424972
2014-01-21,9.396841097109023
2014-01-20,9.49028545032065
2014-01-19,9.634191401728545
2014-01-18,9.86190232389056
2014-01-17,10.042203014927715
2014-01-16,10.333627950550953
2014-01-15,10.592776632946489
2014-01-14,10.810393846389546
2014-01-13,10.956701364441852
2014-01-12,11.037230083935148
2014-01-11,11.235202491744724
2014-01-10,11.424064878642124
2014-01-09,11.649830789458075
2014-01-08,11.825537312273081
2014-01-07,12.071232628656704
2014-01-06,12.178587990318107
2014-01-05,12.274969393308027
2014-01-04,12.449978248573277
2014-01-03,12.595019648196008
2014-01-02,12.813817314701723
2014-01-01,12.972358609320592
2013-12-31,13.130106536960795
2013-12-30,13.214113975261332
2013-12-29,13.533286796472535
2013-12-28,13.684731778431102
2013-12-27,13.73425847384845
2013-12-26,13.839747712409858
2013-12-25,14.010372378250413
2013-12-24,14.16297682885979
2013-12-23,14.217116805288056
2013-12-22,14.23538897189804
2013-12-21,14.302647768670289
2013-12-20,14.514091641801462
2013-12-19,14.793493795381119
2013-12-18,14.925446243143206
2013-12-17,15.080429811777684
2013-12-16,15.227282877472529
2013-12-15,15.26482183515099
2013-12-14,15.358554095161551
2013-12-13,15.449159115010634
2013-12-12,15.594506073465588
2013-12-11,15.732948951013972
2013-12-10,15.847400071584193
2013-12-09,15.865197744733663
2013-12-08,15.875568737807777
2013-12-07,15.905962190382406
2013-12-06,15.935959017075925
2013-12-05,16.013721215616865
2013-12-04,16.052083188907208
2013-12-03,16.139660206271692
2013-12-02,16.1585543948787
2013-12-01,16.13562027778967
2013-11-30,16.102923203668702
2013-11-29,16.03505312599005
2013-11-28,16.0685284648247
2013-11-27,16.143109549570244
2013-11-26,16.180485942076828
2013-11-25,16.117739568248144
2013-11-24,15.931154594590128
2013-11-23,15.784337272585066
2013-11-22,15.684877047702019
2013-11-21,15.678252916561746
2013-11-20,15.60414503073104
2013-11-19,15.429471707907705
2013-11-18,15.251119151129418
2013-11-17,14.953801700432917
2013-11-16,14.683030610274729
2013-11-15,14.527003477366854
2013-11-14,14.42721279499044
2013-11-13,14.409522741543102
2013-11-12,14.30728742452586
2013-11-11,14.16719841129985
2013-11-10,13.928304762902927
2013-11-09,13.790633329816437
2013-11-08,13.596050036244922
2013-11-07,13.568661915497445
2013-11-06,13.544849638336359
2013-11-05,13.446443318431175
2013-11-04,13.329571745711263
2013-11-03,13.108876292729965
2013-11-02,12.98183129682624
2013-11-01,12.862878626149827
2013-10-31,12.822091563691867
2013-10-30,12.546215714070923
2013-10-29,12.446638584320292
2013-10-28,12.420068753446714
2013-10-27,12.319616239672326
2013-10-26,12.228544479491545
2013-10-25,12.162636716153317
2013-10-24,12.150521762544958
2013-10-23,12.137656254204567
2013-10-22,12.056050841910062
2013-10-21,11.848879056960024
2013-10-20,11.568598789635807
2013-10-19,11.4573149328976
2013-10-18,11.373639965679073
2013-10-17,11.3188856795726
2013-10-16,11.297557052527994
2013-10-15,11.317811052747858
2013-10-14,11.263873514341663
2013-10-13,11.113397749220892
2013-10-12,11.014954197889434
2013-10-11,10.963592438417104
2013-10-10,10.957124297253424
2013-10-09,10.972319784241114
2013-10-08,10.93019445359742
2013-10-07,10.837620658945903
2013-10-06,10.734114455314659
2013-10-05,10.644057728946446
2013-10-04,10.58119888093717
2013-10-03,10.554745350198582
2013-10-02,10.553198987961554
2013-10-01,10.537034312561655
2013-09-30,10.470755377206936
2013-09-29,10.334394041063529
2013-09-28,10.29324027038399
2013-09-27,10.261503318928419
2013-09-26,10.310564276996853
2013-09-25,10.458823090786609
2013-09-24,10.583052200996908
2013-09-23,10.535042424802414
2013-09-22,10.436225973692244
2013-09-21,10.426042740641224
2013-09-20,10.430557853579371
2013-09-19,10.491474031764001
2013-09-18,10.56642276172868
2013-09-17,10.609855994335133
2013-09-16,10.588184606153472
2013-09-15,10.545665534193025
2013-09-14,10.625337445445231
2013-09-13,10.692995471869478
2013-09-12,10.733835767137883
2013-09-11,10.868598345069804
2013-09-10,10.981429575061268
2013-09-09,11.027006962656907
2013-09-08,10.965227472543726
2013-09-07,11.01743393392585
2013-09-06,11.070613799988257
2013-09-05,11.171094800046346
2013-09-04,11.311258394939538
2013-09-03,11.409414780094052
2013-09-02,11.42807224967419
2013-09-01,11.397231402959953
2013-08-31,11.423848405732612
2013-08-30,11.508735092992847
2013-08-29,11.590752267831327
2013-08-28,11.719333677853294
2013-08-27,11.83301667413968
2013-08-26,11.95724740884103
2013-08-25,11.934847027353666
2013-08-24,11.928859106240317
2013-08-23,11.963259003217367
2013-08-22,12.018477292918043
2013-08-21,12.145795293515656
2013-08-20,12.194667970476562
2013-08-19,12.203441041668594
2013-08-18,12.14402729172729
2013-08-17,12.126821374100281
2013-08-16,12.055889571581805
2013-08-15,12.063709466304232
2013-08-14,12.193736338661893
2013-08-13,12.258706218934066
2013-08-12,12.233918390964396
2013-08-11,12.177852773981718
2013-08-10,12.168031530929834
2013-08-09,12.231572434057036
2013-08-08,12.335160124106984
2013-08-07,12.44802966811688
2013-08-06,12.542967388252636
2013-08-05,12.565478351045268
2013-08-04,12.562866631539192
2013-08-03,12.612650183051397
2013-08-02,12.661653504476487
2013-08-01,12.779751670690281
2013-07-31,12.907213340089116
2013-07-30,12.967565612069656
2013-07-29,12.99180052797527
2013-07-28,12.917120877574293
2013-07-27,12.814334720372534
2013-07-26,12.740760519957842
2013-07-25,12.861449218164315
2013-07-24,12.992664700152753
2013-07-23,13.026515516743734
2013-07-22,12.99774017823563
2013-07-21,12.921544337021565
2013-07-20,12.909741121203366
2013-07-19,12.922561745566213
2013-07-18,13.005274536874879
2013-07-17,13.113018355702598
2013-07-16,13.099962391090722
2013-07-15,13.017123252631032
2013-07-14,12.999738557234705
2013-07-13,13.041165209041411
2013-07-12,13.044735864785713
2013-07-11,13.12490574966085
2013-07-10,13.254432942732254
2013-07-09,13.274600885503391
2013-07-08,13.304756454921153
2013-07-07,13.270911385607546
2013-07-06,13.284001922427823
2013-07-05,13.387652704017952
2013-07-04,13.551873694153723
2013-07-03,13.757146727940658
2013-07-02,13.8858315379885
2013-07-01,13.865960913686962
2013-06-30,13.774019165552883
2013-06-29,13.753403199252643
2013-06-28,13.741448255831662
2013-06-27,13.717232837219349
2013-06-26,13.862264736215211
2013-06-25,13.968417795658022
2013-06-24,14.042147380968178
2013-06-23,14.067884220494674
2013-06-22,14.137276168833322
2013-06-21,14.321147359175683
2013-06-20,14.552961169131393
2013-06-19,14.865997373653991
2013-06-18,15.149751999789432
2013-06-17,15.428998922271122
2013-06-16,15.635397989085298
2013-06-15,15.747543274641519
2013-06-14,15.937693167807083
2013-06-13,16.21084657920546
2013-06-12,16.58569831605461
2013-06-11,16.82826059872071
2013-06-10,17.022781919794387
2013-06-09,17.135743346144864
2013-06-08,17.486163875782417
2013-06-07,18.061405310373242
2013-06-06,18.518287781790907
2013-06-05,18.91068176703451
2013-06-04,19.347302327721497
2013-06-03,19.733974410383155
2013-06-02,19.942137964082804
2013-06-01,20.252689412619716
2013-05-31,20.70356376455326
2013-05-30,21.302146893883084
2013-05-29,22.033573773571263
2013-05-28,22.61315704081498
2013-05-27,23.089189641732858
2013-05-26,23.372721221628616
2013-05-25,23.797351061614425
2013-05-24,24.303223846663172
2013-05-23,24.874818924182502
2013-05-22,25.575549029575736
2013-05-21,26.077019498836556
2013-05-20,26.587971787944273
2013-05-19,26.75362286696205
2013-05-18,27.139765710813727
2013-05-17,27.514971737511722
2013-05-16,27.95795181158261
2013-05-15,28.31276557301021
2013-05-14,28.60350588730052
2013-05-13,28.875110791927785
2013-05-12,29.05970884137291
2013-05-11,29.495267231042057
2013-05-10,29.937654770770916
2013-05-09,30.434901864073108
2013-05-08,30.886004289660445
2013-05-07,31.219099017887658
2013-05-06,31.35447098033807
2013-05-05,31.428076631641016
2013-05-04,31.53619637117853
2013-05-03,31.877344795076507
2013-05-02,32.223463469781244
2013-05-01,32.50464487460599
2013-04-30,32.84244671160128
2013-04-29,33.00772668247714
2013-04-28,33.10993209649374
2013-04-27,33.45941588608685
2013-04-26,33.69175093256013
2013-04-25,33.785292513494895
2013-04-24,34.04952681444689
2013-04-23,34.372952474588054
2013-04-22,34.43965899655317
2013-04-21,34.473272429280165
2013-04-20,34.796521379161035
2013-04-19,34.88469269144903
2013-04-18,35.02568089050997
2013-04-17,35.1382329588684
2013-04-16,35.3131639455978
2013-04-15,35.41311326955551
2013-04-14,35.40552860787311
2013-04-13,35.38753369118853
2013-04-12,35.62978476001569
2013-04-11,35.75060787491939
2013-04-10,35.90936860549625
2013-04-09,35.79328822181208
2013-04-08,35.29200992783791
2013-04-07,34.979665537288135
2013-04-06,35.111207877200236
2013-04-05,35.09014283290706
2013-04-04,35.06695685403339
2013-04-03,35.23157409242812
2013-04-02,35.29925944676524
2013-04-01,35.04918620381489
2013-03-31,34.666770852213816
2013-03-30,34.429883192747965
2013-03-29,34.25988389638876
2013-03-28,34.085619000153756
2013-03-27,34.11057473276863
2013-03-26,34.03388902122987
2013-03-25,33.86381104426326
2013-03-24,33.61436578616246
2013-03-23,33.53902432984866
2013-03-22,33.536307395242936
2013-03-21,33.51057884738572
2013-03-20,33.820833103725235
2013-03-19,33.92778518387624
2013-03-18,33.94516240663379
2013-03-17,33.830518274785284
2013-03-16,34.106976165121
2013-03-15,34.1100710591492
2013-03-14,34.167981278689936
2013-03-13,34.345204689615365
2013-03-12,34.41854002610262
2013-03-11,34.344055868282645
2013-03-10,34.0587011707341
2013-03-09,33.9287314011857
2013-03-08,34.18043414172796
2013-03-07,34.397351771121606
2013-03-06,34.805994226297756
2013-03-05,35.2070831690109
2013-03-04,35.18823504487408
2013-03-03,35.33266106129458
2013-03-02,35.80037281467564
2013-03-01,36.425583449695644
2013-02-28,36.909207061944
2013-02-27,37.39244042906431
2013-02-26,37.49554196952025
2013-02-25,37.7907705044099
2013-02-24,38.175189082054864
2013-02-23,38.75084838052732
2013-02-22,39.27147989547164
2013-02-21,39.801573616045644
2013-02-20,40.25211845305073
2013-02-19,40.26642887330354
2013-02-18,40.49789780322
2013-02-17,40.67766105123874
2013-02-16,41.02811987584022
2013-02-15,41.30363857722211
2013-02-14,41.68820137460029
2013-02-13,42.159351063929016
2013-02-12,42.363171836749004
2013-02-11,42.32559535847174
2013-02-10,42.37437182671137
2013-02-09,42.59132518702668
2013-02-08,42.78160413702572
2013-02-07,43.029339180610044
2013-02-06,43.3577533136145
2013-02-05,43.436044368537026
2013-02-04,43.4393023546796
2013-02-03,43.44432463071762
2013-02-02,43.64089581756166
2013-02-01,43.76523389672906
2013-01-31,44.03900200830715
2013-01-30,44.4093944656129
2013-01-29,44.54114094282279
2013-01-28,44.482312578522816
2013-01-27,44.666439258547165
2013-01-26,44.72474331437438
2013-01-25,44.90054325305443
2013-01-24,45.110138267912234
2013-01-23,45.28535742460172
2013-01-22,45.22488228648472
2013-01-21,45.190083820243224
2013-01-20,45.36405370577604
2013-01-19,45.30188421257839
2013-01-18,45.33756505118185
2013-01-17,45.4374416356835
2013-01-16,45.82326144870084
2013-01-15,45.75975976138929
2013-01-14,45.78210883573642
2013-01-13,45.98458048679177
2013-01-12,46.10139698010775
2013-01-11,46.23191948057902
2013-01-10,46.34106073401997
2013-01-09,46.56460742236392
2013-01-08,46.63101236201216
2013-01-07,46.372904168851555
2013-01-06,46.418396576196
2013-01-05,46.15940329163392
2013-01-04,46.054338668461796
2013-01-03,46.065801592614605
2013-01-02,45.977470393843966
2013-01-01,45.909741756189874
2012-12-31,45.359623006041055
2012-12-30,45.223284336054974
2012-12-29,44.999899924194274
2012-12-28,45.000316800087546
2012-12-27,44.902382074692085
2012-12-26,44.86601198171658
2012-12-25,44.4432710339892
2012-12-24,43.74047631766476
2012-12-23,43.44221183948055
2012-12-22,43.03126872199749
2012-12-21,42.961622664617785
2012-12-20,42.842492564782425
2012-12-19,42.73952265484616
2012-12-18,42.56995327369517
2012-12-17,42.33749846205175
2012-12-16,42.182714721484615
2012-12-15,41.93682163871805
2012-12-14,41.83700637854401
2012-12-13,41.857390280841734
2012-12-12,42.067336711251336
2012-12-11,41.97593762961105
2012-12-10,41.79903267242874
2012-12-09,41.94871374147321
2012-12-08,41.85656698784207
2012-12-07,41.8405383479884
2012-12-06,41.89818088587666
2012-12-05,41.88093706050294
2012-12-04,41.877699676143926
2012-12-03,41.65217851022818
2012-12-02,41.74664020400376
2012-12-01,41.58679004766575
2012-11-30,41.462853845691974
2012-11-29,41.705133724899206
2012-11-28,41.6575117925257
2012-11-27,41.65692153800218
2012-11-26,41.4195852592185
2012-11-25,41.50206448759589
2012-11-24,41.523502635879204
2012-11-23,41.64920629344836
2012-11-22,41.779923015084464
2012-11-21,41.67437724226151
2012-11-20,41.787694576502304
2012-11-19,41.63637658595512
2012-11-18,41.69406315587112
2012-11-17,41.430676528336384
2012-11-16,41.458706728825064
2012-11-15,41.57940166730433
2012-11-14,41.514917159727716
2012-11-13,41.5459340314497
2012-11-12,41.33559066745426
2012-11-11,41.43378448459842
2012-11-10,41.46053818169991
2012-11-09,41.69518774582233
2012-11-08,41.876425855871815
2012-11-07,41.72099249660793
2012-11-06,41.847968433319615
2012-11-05,41.713182393216705
2012-11-04,41.940792604054764
2012-11-03,41.91332197455316
2012-11-02,41.85729880360752
2012-11-01,41.98580457318597
2012-10-31,41.94345405735245
2012-10-30,42.01590259353616
2012-10-29,41.86077497967014
2012-10-28,42.015367211996086
2012-10-27,42.02701221136755
2012-10-26,42.27728701580383
2012-10-25,42.625504144699946
2012-10-24,42.6589552341837
2012-10-23,42.7625834759618
2012-10-22,42.49887997823497
2012-10-21,42.680099606532366
2012-10-20,42.652325251538784
2012-10-19,43.015584838603715
2012-10-18,43.31195279192218
2012-10-17,43.35178841984332
2012-10-16,43.45654668704999
2012-10-15,43.59967221872577
2012-10-14,43.84384660361313
2012-10-13,43.71453979589758
2012-10-12,43.88518761023765
2012-10-11,44.14010537534798
2012-10-10,44.101652231339166
2012-10-09,44.1981717039244
2012-10-08,44.048072888167745
2012-10-07,44.27234723985036
2012-10-06,44.31464330579793
2012-10-05,44.16537216725633
2012-10-04,44.46577366675968
2012-10-03,44.39641439149523
2012-10-02,44.50501443325212
2012-10-01,44.39420939281959
2012-09-30,44.412451710398706
2012-09-29,44.35729474853996
2012-09-28,44.42937864925143
2012-09-27,44.634240985965455
2012-09-26,44.54637218820806
2012-09-25,44.59009236765107
2012-09-24,44.38135947059011
2012-09-23,44.392584300691745
2012-09-22,44.20103878522851
2012-09-21,44.31897230854334
2012-09-20,44.66281033816176
2012-09-19,44.663563367899876
2012-09-18,44.82863821161505
2012-09-17,44.68227555804459
2012-09-16,44.93363104796764
2012-09-15,45.08249936259083
2012-09-14,45.237594499179494
2012-09-13,45.5064943043522
2012-09-12,45.59348463893339
2012-09-11,45.6679555315914
2012-09-10,45.7005653376623
2012-09-09,45.898073343728655
2012-09-08,46.03820225591592
2012-09-07,46.25417643681576
2012-09-06,46.48765016024131
2012-09-05,46.55946029129804
2012-09-04,46.781562509619754
2012-09-03,46.67893988124797
2012-09-02,46.921456637963885
2012-09-01,46.96764453667202
2012-08-31,47.11686543523463
2012-08-30,47.386655613901866
2012-08-29,47.43264135850802
2012-08-28,47.501531278801394
2012-08-27,47.37258006376785
2012-08-26,47.51851733227143
2012-08-25,47.662027639620774
2012-08-24,47.846727002661524
2012-08-23,48.14377742522819
2012-08-22,48.06385137138224
2012-08-21,48.203213953710446
2012-08-20,47.84581227908546
2012-08-19,48.23764211213237
2012-08-18,48.25642147417205
2012-08-17,48.459727487473096
2012-08-16,48.60243167740615
2012-08-15,48.4726113742867
2012-08-14,48.58480377872744
2012-08-13,48.47498405802562
2012-08-12,48.8637318915491
2012-08-11,48.972703452625915
2012-08-10,49.30620116104468
2012-08-09,49.54417392604638
2012-08-08,49.4794909202085
2012-08-07,49.58526872542205
2012-08-06,49.646914837035105
2012-08-05,49.776041194511066
2012-08-04,49.966598198636426
2012-08-03,50.07964341661371
2012-08-02,50.38498182155769
2012-08-01,50.41436034331688
2012-07-31,50.520741517190146
2012-07-30,50.50622098823398
2012-07-29,50.96797988493281
2012-07-28,50.971073537520674
2012-07-27,51.2558948048747
2012-07-26,51.64094827839768
2012-07-25,51.68393709554154
2012-07-24,51.89756189908656
2012-07-23,51.67806892371314
2012-07-22,51.91878642098094
2012-07-21,51.90414932293371
2012-07-20,52.10775307035639
2012-07-19,52.370062039120036
2012-07-18,52.215002709560814
2012-07-17,52.23661055421425
2012-07-16,52.08214730087841
2012-07-15,52.32493110399868
2012-07-14,52.42217174551275
2012-07-13,52.5704148455115
2012-07-12,52.67765630070975
2012-07-11,52.54769859276549
2012-07-10,52.632297363696765
2012-07-09,52.51587811016702
2012-07-08,52.874215768595846
2012-07-07,52.719262317712705
2012-07-06,52.8591235528476
2012-07-05,53.131119748401595
2012-07-04,52.97620227094256
2012-07-03,53.1038360954768
2012-07-02,53.29807995685518
2012-07-01,53.46962352668514
2012-06-30,53.58945659579174
2012-06-29,53.83341837259516
2012-06-28,54.055512152420484
2012-06-27,54.08071565032623
2012-06-26,54.17431647989665
2012-06-25,54.12303765617369
2012-06-24,54.79695273009773
2012-06-23,54.83965134720446
2012-06-22,55.06049602005723
2012-06-21,55.27402000382773
2012-06-20,54.96247840265023
2012-06-19,55.04941711528363
2012-06-18,54.82828085127012
2012-06-17,55.27676052996819
2012-06-16,55.4969186901538
2012-06-15,55.649620666315165
2012-06-14,55.97705229384601
2012-06-13,55.92410731892606
2012-06-12,56.224772825269476
2012-06-11,55.99718917781591
2012-06-10,56.42681235276138
2012-06-09,56.455453251250105
2012-06-08,56.664716833872966
2012-06-07,56.9175042595073
2012-06-06,56.95486589551499
2012-06-05,56.9420749640537
2012-06-04,56.94074278417751
2012-06-03,57.3530595484757
2012-06-02,57.3173806614287
2012-06-01,57.46754746021789
2012-05-31,57.742685396120514
2012-05-30,57.468767418982864
2012-05-29,57.643005918520416
2012-05-28,57.504659219634284
2012-05-27,57.97061839073827
2012-05-26,58.069944460675785
2012-05-25,58.49514217369063
2012-05-24,58.978656438206464
2012-05-23,58.81617906019087
2012-05-22,59.14999380030372
2012-05-21,59.11040974970224
2012-05-20,59.632421026638454
2012-05-19,59.84850862560684
2012-05-18,60.060562117720266
2012-05-17,60.36250557463447
2012-05-16,60.21395580989175
2012-05-15,60.179439282117556
2012-05-14,60.177842739484774
2012-05-13,60.61205718270165
2012-05-12,61.02477166830057
2012-05-11,61.39547610237515
2012-05-10,61.76865110191163
2012-05-09,61.877989991773056
2012-05-08,61.915093357241425
2012-05-07,62.43440091391688
2012-05-06,62.690649473405514
2012-05-05,62.94899736435201
2012-05-04,63.30998177942554
2012-05-03,63.19131716244197
2012-05-02,62.90422902312808
2012-05-01,62.6149746204811
2012-04-30,62.700407744040035
2012-04-29,63.18495814220268
2012-04-28,63.05550831336953
2012-04-27,63.10375223976421
2012-04-26,63.18732389812456
2012-04-25,62.229881215295535
2012-04-24,62.31408489215534
2012-04-23,62.4935042555464
2012-04-22,62.769274806448436
2012-04-21,62.931504408304754
2012-04-20,63.05888821006992
2012-04-19,63.349455801413974
2012-04-18,63.05519095490213
2012-04-17,63.253035590489226
2012-04-16,63.906623315331494
2012-04-15,64.14770314275016
2012-04-14,64.05819763189812
2012-04-13,64.05225156002544
2012-04-12,64.62625609071307
2012-04-11,64.56381251355332
2012-04-10,64.94714192619456
2012-04-09,65.56822906359116
2012-04-08,65.95334825536932
2012-04-07,66.11348716630515
2012-04-06,66.27909340622112
2012-04-05,66.52612629713275
2012-04-04,66.23427970662671
2012-04-03,66.36833668541695
2012-04-02,66.39581810126717
2012-04-01,67.00184887113096
2012-03-31,67.47511518874262
2012-03-30,67.70941210937131
2012-03-29,67.70315808075966
2012-03-28,67.10943425178088
2012-03-27,67.057210495008
2012-03-26,67.32960116892673
2012-03-25,67.40115739089372
2012-03-24,67.39357684550549
2012-03-23,67.50136216023004
2012-03-22,67.70861819480884
2012-03-21,67.29848932924308
2012-03-20,67.31856961102609
2012-03-19,67.22889720096168
2012-03-18,67.72085936423245
2012-03-17,67.80612804763176
2012-03-16,67.90475735332556
2012-03-15,68.02262116793594
2012-03-14,67.78658064899116
2012-03-13,68.11388445093863
2012-03-12,68.4284195908392
2012-03-11,69.17327030313652
2012-03-10,69.15880077883754
2012-03-09,69.69508166057442
2012-03-08,69.5519199834687
2012-03-07,69.36497114341508
2012-03-06,69.3572612927013
2012-03-05,69.66408647865528
2012-03-04,70.06018691107289
2012-03-03,70.61842099918532
2012-03-02,71.04067258623269
2012-03-01,71.08990753426197
2012-02-29,70.70274011938925
2012-02-28,71.03624423140782
2012-02-27,71.51182046838947
2012-02-26,72.10592674279471
2012-02-25,72.91497294310695
2012-02-24,73.31062664961067
2012-02-23,73.34294259986656
2012-02-22,73.25473662253552
2012-02-21,73.29973951045059
2012-02-20,73.65713930072461
2012-02-19,73.92636462423754
2012-02-18,74.0542322029311
2012-02-17,74.12588095189564
2012-02-16,73.76914448647898
2012-02-15,73.63766847599827
2012-02-14,73.74143338800152
2012-02-13,73.90527714210589
2012-02-12,73.85326002361666
2012-02-11,73.80388734692036
2012-02-10,73.63754393399806
2012-02-09,73.11449035090246
2012-02-08,72.84501819546783
2012-02-07,72.85238441188045
2012-02-06,73.0448026168866
2012-02-05,73.18559818585823
2012-02-04,73.45430161015385
2012-02-03,73.49968059203556
2012-02-02,73.58216207060187
2012-02-01,73.0182150680158
2012-01-31,72.73156465441954
2012-01-30,72.76557624814781
2012-01-29,73.28592604605873
2012-01-28,73.54386432163885
2012-01-27,73.83802010105387
2012-01-26,73.85346777156417
2012-01-25,73.90463714753584
2012-01-24,73.98739276189984
2012-01-23,74.16267806496393
2012-01-22,74.35465378839008
2012-01-21,74.42408879487044
2012-01-20,74.70873887056754
2012-01-19,74.99388225342001
2012-01-18,74.5941422398021
2012-01-17,74.74000826079741
2012-01-16,75.19024425866252
2012-01-15,75.22609247560356
2012-01-14,75.47662646132311
2012-01-13,75.16995393021666
2012-01-12,74.72591571453236
2012-01-11,73.89970010112869
2012-01-10,73.6363400311769
2012-01-09,73.62709092868546
2012-01-08,73.17593475101548
2012-01-07,73.77198554480594
2012-01-06,73.8601157962584
2012-01-05,73.64227657337584
2012-01-04,73.5564386862907
2012-01-03,73.47086245226073
2012-01-02,73.84698611624123
2012-01-01,74.11026688212517
2011-12-31,74.22498661211316
2011-12-30,74.37955094199424
2011-12-29,74.12076488791416
2011-12-28,74.00113672678555
2011-12-27,73.86128752877846
2011-12-26,74.04479311601739
2011-12-25,74.05024029938227
2011-12-24,74.00542719200308
2011-12-23,74.16893485492986
2011-12-22,74.14629632467462
2011-12-21,74.26218099992379
2011-12-20,74.7618657552379
2011-12-19,74.6716375003925
2011-12-18,74.7194117249377
2011-12-17,74.90045126883128
2011-12-16,75.19455480258408
2011-12-15,75.1265635727156
2011-12-14,74.9520740343634
2011-12-13,74.98160366734798
2011-12-12,75.28424055076607
2011-12-11,75.49498390825714
2011-12-10,75.5532429599594
2011-12-09,75.62584052190282
2011-12-08,75.65422580473634
2011-12-07,75.56224438346281
2011-12-06,75.45000003333702
2011-12-05,75.52818117171961
2011-12-04,76.05896262533383
2011-12-03,76.21253836518424
2011-12-02,76.38059705557559
2011-12-01,76.49241373762001
2011-11-30,76.42042116614942
2011-11-29,76.70906511045504
2011-11-28,77.26889964606808
2011-11-27,77.24335251859017
2011-11-26,77.55751632581735
2011-11-25,78.07870819015885
2011-11-24,78.17303782362333
2011-11-23,78.32687860887357
2011-11-22,78.68852684953586
2011-11-21,78.89363606769213
2011-11-20,78.98312547529638
2011-11-19,78.86015614715222
2011-11-18,78.80757261267662
2011-11-17,79.01338285103093
2011-11-16,79.56241736390987
2011-11-15,79.6917476751203
2011-11-14,79.92145532138825
2011-11-13,80.2059802785885
2011-11-12,80.89863592084782
2011-11-11,81.32526294255696
2011-11-10,81.59435059198496
2011-11-09,82.15080330447302
2011-11-08,82.10158058133034
2011-11-07,82.45535817911596
2011-11-06,82.47408570708059
2011-11-05,82.39970649546963
2011-11-04,82.96882394552227
2011-11-03,82.76581897458618
2011-11-02,82.53433637205504
2011-11-01,82.85567017805107
2011-10-31,83.20251255525629
2011-10-30,83.40057754180174
2011-10-29,83.4801901340462
2011-10-28,84.03801431376642
2011-10-27,84.14285799036492
2011-10-26,84.5068704715514
2011-10-25,85.19767725076274
2011-10-24,85.4676244948663
2011-10-23,85.65860831989022
2011-10-22,86.08995792985311
2011-10-21,86.38552407541724
2011-10-20,87.02833048871425
2011-10-19,87.45706631025588
2011-10-18,87.96573118329678
2011-10-17,88.36210016933457
2011-10-16,88.89397669429167
2011-10-15,89.16477005872018
2011-10-14,89.33501808367778
2011-10-13,89.3233589198794
2011-10-12,89.4272176078693
2011-10-11,89.57090645258002
2011-10-10,89.67938812301912
2011-10-09,89.86700653087789
2011-10-08,89.98634377331108
2011-10-07,90.27137884686763
2011-10-06,90.93812503466977
2011-10-05,90.59343830415291
2011-10-04,90.69541496541449
2011-10-03,90.5096726487364
2011-10-02,90.71480465558784
2011-10-01,90.79685139132924
2011-09-30,90.83115945665429
2011-09-29,90.70357843302084
2011-09-28,90.79000965531198
2011-09-27,90.61813303776262
2011-09-26,90.78224998522343
2011-09-25,90.86039405335265
2011-09-24,90.7355371692055
2011-09-23,91.02799648141094
2011-09-22,91.07975458291395
2011-09-21,91.27944587869322
2011-09-20,91.75091377157146
2011-09-19,91.96867709155104
2011-09-18,91.53154076917495
2011-09-17,91.20257537743815
2011-09-16,91.02616769964698
2011-09-15,90.89829452648006
2011-09-14,90.91812965734873
2011-09-13,90.41379696170443
2011-09-12,90.44583158027908
2011-09-11,90.19652905291197
2011-09-10,90.14767589024815
2011-09-09,89.99624074048496
2011-09-08,89.98009229463706
2011-09-07,90.18878427439304
2011-09-06,90.34768371846508
2011-09-05,90.02844331014063
2011-09-04,90.38715247593076
2011-09-03,90.8114887994539
2011-09-02,90.78865015413933
2011-09-01,90.67131413459506
2011-08-31,90.78133190286556
2011-08-30,90.85087551004688
2011-08-29,90.69259972216797
2011-08-28,90.6930233308011
2011-08-27,90.47121121244844
2011-08-26,90.19340997192481
2011-08-25,90.39312127562971
2011-08-24,90.29781061343515
2011-08-23,90.05835941172197
2011-08-22,89.30470694199062
2011-08-21,89.40873504800294
2011-08-20,89.32729504591457
2011-08-19,89.0166556696162
2011-08-18,89.02952315925732
2011-08-17,88.97185191675777
2011-08-16,88.99552994283034
2011-08-15,89.19760536124761
2011-08-14,89.40420905673521
2011-08-13,89.85919083854876
2011-08-12,90.03847373041515
2011-08-11,90.43035614309373
2011-08-10,90.59949049307819
2011-08-09,90.90198591965955
2011-08-08,91.19502638235247
2011-08-07,90.84186053566663
2011-08-06,91.34827852697452
2011-08-05,91.94696750064384
2011-08-04,93.06945008902613
2011-08-03,93.12166105915443
2011-08-02,93.20736397200635
2011-08-01,93.33447982193108
2011-07-31,93.29850033689824
2011-07-30,93.28528603808398
2011-07-29,93.59942731971256
2011-07-28,93.5669358731901
2011-07-27,93.55498398489847
2011-07-26,93.80545252768073
2011-07-25,93.52897102594362
2011-07-24,93.62855486192679
2011-07-23,93.44021697872343
2011-07-22,93.50223002511812
2011-07-21,93.55336312241272
2011-07-20,93.97257614637182
2011-07-19,93.8843230199856
2011-07-18,94.34249013455296
2011-07-17,94.36806023211545
2011-07-16,94.42155508192619
2011-07-15,94.5583282973131
2011-07-14,94.40756216473088
2011-07-13,95.11343708497043
2011-07-12,95.53967359280449
2011-07-11,96.29007675847714
2011-07-10,96.5614521586524
2011-07-09,96.80370699144845
2011-07-08,97.19887464156943
2011-07-07,97.70049581641473
2011-07-06,98.15616484884444
2011-07-05,98.54057822553759
2011-07-04,98.93352450406613
2011-07-03,99.64427758140312
2011-07-02,99.96132372750144
2011-07-01,100.36890967218027
2011-06-30,100.72179114937445
2011-06-29,100.93579211366658
2011-06-28,101.56336626002067
2011-06-27,102.11381889765606
2011-06-26,102.52755676620885
2011-06-25,103.20883688608599
2011-06-24,103.65543615113295
2011-06-23,105.03663567896847
2011-06-22,106.02692015140846
2011-06-21,107.14522361478511
2011-06-20,108.22365295005032
2011-06-19,108.56977489689974
2011-06-18,109.20073604041977
2011-06-17,109.9049463041376
2011-06-16,110.30885478548684
2011-06-15,111.07707234104379
2011-06-14,111.27662055027652
2011-06-13,111.8840589137938
2011-06-12,112.6739165262727
2011-06-11,113.04132229336918
2011-06-10,113.60428165049862
2011-06-09,114.0611579198396
2011-06-08,114.98718131190186
2011-06-07,115.2988958743977
2011-06-06,115.42197073006605
2011-06-05,115.48793202327857
2011-06-04,115.62521310375404
2011-06-03,116.4339873572985
2011-06-02,116.92954675348075
2011-06-01,117.46651230082611
2011-05-31,118.16630251864859
2011-05-30,118.32758521369198
2011-05-29,119.06226337641507
2011-05-28,119.27078482002193
2011-05-27,120.51622197101509
2011-05-26,121.77556124808466
2011-05-25,122.52839339972547
2011-05-24,123.40811330993868
2011-05-23,125.12884610256404
2011-05-22,126.43897839475554
2011-05-21,127.4966691472113
2011-05-20,128.76140207836568
2011-05-19,129.70221136275998
2011-05-18,131.4627653293372
2011-05-17,133.15103202697122
2011-05-16,134.65158780515742
2011-05-15,136.92611512196507
2011-05-14,137.66133521129632
2011-05-13,139.13214739613878
2011-05-12,139.91797343933308
2011-05-11,141.29172312749233
2011-05-10,142.50061722539766
2011-05-09,143.68924492215191
2011-05-08,145.07181736933356
2011-05-07,145.62109086408697
2011-05-06,147.26107903025886
2011-05-05,148.38769397035898
2011-05-04,149.26191256966644
2011-05-03,150.6189088779127
2011-05-02,151.15654321099504
2011-05-01,151.81910659508173
2011-04-30,152.5082696756563
2011-04-29,152.68005560411797
2011-04-28,153.13549935981672
2011-04-27,153.38188781457305
2011-04-26,153.4356534113073
2011-04-25,152.7535089533703
2011-04-24,152.49151962225542
2011-04-23,151.49513400842082
2011-04-22,151.38336344178128
2011-04-21,151.4898828455023
2011-04-20,151.7097080442996
2011-04-19,151.63812560676314
2011-04-18,152.21007607131085
2011-04-17,152.98620176143731
2011-04-16,153.2212209827297
2011-04-15,153.88370852401238
2011-04-14,154.64245674146218
2011-04-13,154.57138987039497
2011-04-12,155.12426722837736
2011-04-11,155.47781590230014
2011-04-10,156.22413744183828
2011-04-09,157.46128770763679
2011-04-08,158.4792306375464
2011-04-07,159.34804461949915
2011-04-06,159.89877035682417
2011-04-05,161.3702457298171
2011-04-04,162.3071952227548
2011-04-03,163.6464245866556
2011-04-02,164.44587850127417
2011-04-01,165.33179020657272
2011-03-31,167.20686748228715
2011-03-30,167.89821874909788
2011-03-29,169.77117928120526
2011-03-28,170.19538361634773
2011-03-27,170.85831522630087
2011-03-26,171.32972200625593
2011-03-25,172.60779820627414
2011-03-24,172.86527575849541
2011-03-23,173.02059677976706
2011-03-22,173.2882396263865
2011-03-21,173.84828761357778
2011-03-20,174.56203523299374
2011-03-19,174.9662253048537
2011-03-18,174.89297936972366
2011-03-17,175.34668798146555
2011-03-16,174.6950132066918
2011-03-15,175.21155278224384
2011-03-14,174.88521349528722
2011-03-13,175.04816827102246
2011-03-12,174.8158278582218
2011-03-11,175.13249812546994
2011-03-10,175.56947877518857
2011-03-09,175.66107958097064
2011-03-08,176.2246897209522
2011-03-07,175.79656260789992
2011-03-06,176.3208831583107
2011-03-05,176.21406564201263
2011-03-04,176.83818081870638
2011-03-03,178.28412957001663
2011-03-02,178.97128894114115
2011-03-01,179.7347721303114
2011-02-28,180.70190558482528
2011-02-27,181.08839760976133
2011-02-26,181.8470562787801
2011-02-25,183.58063413118794
2011-02-24,185.9618872500481
2011-02-23,187.5872770260853
2011-02-22,188.8502798609516
2011-02-21,189.4590906988723
2011-02-20,190.0914273404489
2011-02-19,189.799991794401
2011-02-18,190.30635640457524
2011-02-17,190.27722362133133
2011-02-16,189.8366852568385
2011-02-15,189.96076157787186
2011-02-14,189.8214882796902
2011-02-13,189.13592469586897
2011-02-12,189.70821793218894
2011-02-11,189.85239757469498
2011-02-10,190.10219128639156
2011-02-09,189.8401476316812
2011-02-08,189.25267452430128
2011-02-07,188.91073794870277
2011-02-06,188.5623120122905
2011-02-05,188.17576835159508
2011-02-04,187.83583407996605
2011-02-03,187.681217202103
2011-02-02,186.44803473458455
2011-02-01,186.4197846278535
2011-01-31,185.58018991505952
2011-01-30,184.06478881862856
2011-01-29,182.93934662352711
2011-01-28,181.89258736865887
2011-01-27,181.00001765743056
2011-01-26,180.72158300344913
2011-01-25,180.21900134945824
2011-01-24,179.0846574313769
2011-01-23,178.47617593539357
2011-01-22,177.89592918233384
2011-01-21,177.95116692967582
2011-01-20,177.98189496617653
2011-01-19,177.42913558541008
2011-01-18,176.57038009858877
2011-01-17,176.28776266135668
2011-01-16,175.70160987878515
2011-01-15,174.8818761257327
2011-01-14,174.72341533684875
2011-01-13,174.95172944922243
2011-01-12,174.39715039680422
2011-01-11,174.67131728360155
2011-01-10,174.0566754968468
2011-01-09,173.33763464469035
2011-01-08,172.430289685064
2011-01-07,172.23998108596618
2011-01-06,172.0047686057371
2011-01-05,171.26445230860475
2011-01-04,171.28619388942107
2011-01-03,170.11956652504824
2011-01-02,169.08289165232236
2011-01-01,168.7135770499745
2010-12-31,168.66016884278295
2010-12-30,168.99732895869303
2010-12-29,169.14522621859845
2010-12-28,168.75060371965589
2010-12-27,168.28696838257326
2010-12-26,167.44811380273572
2010-12-25,166.2488248712798
2010-12-24,166.05078515085756
2010-12-23,165.58016801111424
2010-12-22,165.27959213849132
2010-12-21,165.93441086470452
2010-12-20,165.96722331847718
2010-12-19,165.68488775448995
2010-12-18,165.88484290944947
2010-12-17,166.21174907156032
2010-12-16,166.77015510362
2010-12-15,167.5398367163076
2010-12-14,167.36807424212162
2010-12-13,167.483949896567
2010-12-12,167.49820891393748
2010-12-11,167.32929937528044
2010-12-10,167.65370808536446
2010-12-09,167.9606787959236
2010-12-08,168.62219550875002
2010-12-07,168.83654270735073
2010-12-06,168.62055513408552
2010-12-05,168.1377898529776
2010-12-04,168.30586963296415
2010-12-03,168.65466530586386
2010-12-02,169.49980847237356
2010-12-01,170.28528398925584
2010-11-30,170.85093159872685
2010-11-29,171.47050351912125
2010-11-28,171.84910872425195
2010-11-27,171.3395146840574
2010-11-26,172.0425802300242
2010-11-25,172.6826914976099
2010-11-24,172.796360348043
2010-11-23,173.41378359453148
2010-11-22,173.38915708129022
2010-11-21,173.10036287490436
2010-11-20,172.868580489285
2010-11-19,173.32018055592175
2010-11-18,173.90518332080902
2010-11-17,174.19223306561184
2010-11-16,175.32974222749502
2010-11-15,175.25271628091818
2010-11-14,174.83555065655364
2010-11-13,175.4338222071848
2010-11-12,175.8214280508216
2010-11-11,176.39176221134912
2010-11-10,177.34083148113163
2010-11-09,178.63358073774435
2010-11-08,179.22420513918297
2010-11-07,179.58989042266117
2010-11-06,180.05397105997002
2010-11-05,180.7469204941321
2010-11-04,181.930027505394
2010-11-03,182.5426128572411
2010-11-02,183.14333218929843
2010-11-01,183.46976943605014
2010-10-31,183.17741034903986
2010-10-30,183.13424643929403
2010-10-29,183.18742922583908
2010-10-28,183.2136048409853
2010-10-27,183.21234699846784
2010-10-26,183.56712622746647
2010-10-25,183.3874174473545
2010-10-24,183.06555463588975
2010-10-23,182.6180286492703
2010-10-22,182.93024216161137
2010-10-21,183.01993773580037
2010-10-20,183.42021810094127
2010-10-19,183.5771730421731
2010-10-18,183.12532345054726
2010-10-17,182.5783047729737
2010-10-16,181.95413755099398
2010-10-15,182.1556791468196
2010-10-14,182.1687127089949
2010-10-13,182.14858874390586
2010-10-12,182.3008174251837
2010-10-11,181.68268308033143
2010-10-10,181.28592853533397
2010-10-09,180.3947406369334
2010-10-08,180.52104745706708
2010-10-07,180.72560064356213
2010-10-06,180.99228136623108
2010-10-05,181.27544298251894
2010-10-04,180.7779943613657
2010-10-03,179.98158534762004
2010-10-02,179.49398630699304
2010-10-01,179.8227981656807
2010-09-30,179.7843101590429
2010-09-29,179.73483682691406
2010-09-28,180.1582063547609
2010-09-27,179.67501694796684
2010-09-26,179.3694099031666
2010-09-25,178.71725018926892
2010-09-24,178.82165664734515
2010-09-23,178.9319498420422
2010-09-22,179.3079878345837
2010-09-21,179.51706358185862
2010-09-20,179.15801457782516
2010-09-19,178.26826290153983
2010-09-18,177.66109047614827
2010-09-17,177.49797466832447
2010-09-16,177.34541769282927
2010-09-15,177.80392401069878
2010-09-14,177.76780942249286
2010-09-13,177.09722149044342
2010-09-12,176.52495375305597
2010-09-11,175.60925320404252
2010-09-10,174.67803245862686
2010-09-09,174.2540449254802
2010-09-08,173.94498579255148
2010-09-07,173.8502203549962
2010-09-06,173.1787638151874
2010-09-05,172.45631438658822
2010-09-04,171.76328727705203
2010-09-03,171.5225966883665
2010-09-02,171.1101050175789
2010-09-01,171.1178745576017
2010-08-31,171.1402165466407
2010-08-30,171.1754212619279
2010-08-29,170.494567643133
2010-08-28,170.05502633656383
2010-08-27,169.88739118165756
2010-08-26,170.3556772690595
2010-08-25,170.86069500531897
2010-08-24,171.19177006638546
2010-08-23,171.04585881462705
2010-08-22,170.77734478140377
2010-08-21,170.49708396341074
2010-08-20,171.11723683496587
2010-08-19,171.67533997542134
2010-08-18,172.15773331956754
2010-08-17,172.94987203099723
2010-08-16,172.77415776242938
2010-08-15,172.50972029256965
2010-08-14,172.57926282826708
2010-08-13,172.93161910642348
2010-08-12,173.32685913788612
2010-08-11,173.66955226355293
2010-08-10,174.38498760538263
2010-08-09,174.3182997385885
2010-08-08,174.34980454975116
2010-08-07,174.2484564846022
2010-08-06,174.62757426007124
2010-08-05,175.1779155518736
2010-08-04,175.9836089936175
2010-08-03,176.40146717886032
2010-08-02,176.34450500798263
2010-08-01,175.97341782077257
2010-07-31,175.99802267199064
2010-07-30,176.38720468388783
2010-07-29,177.09613713738892
2010-07-28,177.84208312717874
2010-07-27,178.87579397903474
2010-07-26,179.31319230777532
2010-07-25,179.0885566647056
2010-07-24,179.00961819161876
2010-07-23,179.89065681264776
2010-07-22,180.928568696442
2010-07-21,182.31470942935752
2010-07-20,183.96531375632094
2010-07-19,184.61611717426206
2010-07-18,185.1238878118602
2010-07-17,185.0461693076322
2010-07-16,185.19143432422115
2010-07-15,185.79314473851582
2010-07-14,186.1585959556376
2010-07-13,186.5981998576846
2010-07-12,187.02355447296915
2010-07-11,186.7049044450188
2010-07-10,186.58093168307954
2010-07-09,186.9066747458903
2010-07-08,187.25869859432115
2010-07-07,187.32554458953067
2010-07-06,187.95514511064877
2010-07-05,188.44401432167442
2010-07-04,188.38384053495062
2010-07-03,188.02050139125598
2010-07-02,188.48275198801016
2010-07-01,189.02753460097944
2010-06-30,189.76049577887684
2010-06-29,191.15824169971853
2010-06-28,191.67754175995404
2010-06-27,191.6439856753916
2010-06-26,191.29002663050457
2010-06-25,192.1121131932982
2010-06-24,192.74317553234582
2010-06-23,193.88098190145325
2010-06-22,195.0944457811573
2010-06-21,195.43029469875736
2010-06-20,195.53636529107973
2010-06-19,195.85827187219672
2010-06-18,196.78719512000404
2010-06-17,198.15892426181605
2010-06-16,199.49004848876183
2010-06-15,200.6082641738399
2010-06-14,201.08963864683773
2010-06-13,201.59975314741678
2010-06-12,201.85202395120257
2010-06-11,202.8505681912465
2010-06-10,204.38138360591776
2010-06-09,205.7001901022
2010-06-08,206.9947755503601
2010-06-07,207.9912951554249
2010-06-06,208.6300276283316
2010-06-05,208.9682763506057
2010-06-04,210.0867229236522
2010-06-03,211.51101736063637
2010-06-02,213.05321992622737
2010-06-01,214.3497630308612
2010-05-31,215.40497708769476
2010-05-30,216.05043637223596
2010-05-29,216.2856170840346
2010-05-28,217.13390435519162
2010-05-27,217.85551187987627
2010-05-26,219.09492587394502
2010-05-25,220.111193001887
2010-05-24,220.61485065759658
2010-05-23,220.7868007004564
2010-05-22,220.63784223708348
2010-05-21,221.21632030786523
2010-05-20,222.01454788227892
2010-05-19,223.15615512610327
2010-05-18,224.18886961990913
2010-05-17,224.6920170282913
2010-05-16,224.80574649250593
2010-05-15,225.9361155566619
2010-05-14,227.06638832292046
2010-05-13,227.9339980849438
2010-05-12,229.21639736951172
2010-05-11,230.33336635396225
2010-05-10,231.02920637863528
2010-05-09,231.30085783341582
2010-05-08,231.4344601757643
2010-05-07,232.5174748486039
2010-05-06,233.15920584610075
2010-05-05,234.87755064486726
2010-05-04,236.65438676592774
2010-05-03,237.69855359178646
2010-05-02,237.54911226374006
2010-05-01,236.63787233830382
2010-04-30,236.5297830519844
2010-04-29,237.404892564409
2010-04-28,238.5558417554195
2010-04-27,240.33646463628924
2010-04-26,240.77267272481637
2010-04-25,240.80605786747194
2010-04-24,239.5558528433484
2010-04-23,240.40286032216045
2010-04-22,241.1291720146842
2010-04-21,242.53629982270675
2010-04-20,243.3146266861628
2010-04-19,244.24486147877172
2010-04-18,244.24869524815293
2010-04-17,244.02180184690562
2010-04-16,244.03701499450213
2010-04-15,245.18104782588983
2010-04-14,245.66694524916622
2010-04-13,246.5159472995409
2010-04-12,246.27709872598544
2010-04-11,245.46953057587925
2010-04-10,244.56076417109608
2010-04-09,244.431120463471
2010-04-08,244.59745320727365
2010-04-07,244.880103670065
2010-04-06,245.80302053585567
2010-04-05,246.1058214030437
2010-04-04,245.74272635715968
2010-04-03,244.8356229951249
2010-04-02,244.09745756897877
2010-04-01,243.8000516468691
2010-03-31,244.18782886818727
2010-03-30,244.9383877964743
2010-03-29,244.32045486681267
2010-03-28,243.7902660955671
2010-03-27,243.0680095654431
2010-03-26,242.64422038820655
2010-03-25,242.75373286919572
2010-03-24,244.01290994973408
2010-03-23,243.95505597102002
2010-03-22,244.09837750934784
2010-03-21,243.61842463128977
2010-03-20,243.2769926055274
2010-03-19,242.57099250812936
2010-03-18,243.65533153928996
2010-03-17,244.38443383704913
2010-03-16,245.2853432348169
2010-03-15,245.3886593970279
2010-03-14,245.10895447350435
2010-03-13,244.24280894487023
2010-03-12,244.5227787331763
2010-03-11,244.93556617034835
2010-03-10,245.37505169242394
2010-03-09,246.21048016220914
2010-03-08,246.70002615964427
2010-03-07,246.71750042326374
2010-03-06,245.75604459262533
2010-03-05,245.4615328883604
2010-03-04,245.05057580834742
2010-03-03,245.86617925616315
2010-03-02,248.2048359675622
2010-03-01,249.89297648514045
2010-02-28,250.5197070520982
2010-02-27,249.90378320246964
2010-02-26,249.77719881840642
2010-02-25,250.32513805180832
2010-02-24,251.2977238125859
2010-02-23,253.80426966509825
2010-02-22,254.44171048686323
2010-02-21,254.14148905070053
2010-02-20,253.89337628356043
2010-02-19,254.3864854425755
2010-02-18,254.48890405998006
2010-02-17,254.76225455614716
2010-02-16,255.78686433498277
2010-02-15,256.68938682479285
2010-02-14,256.42380790373903
2010-02-13,255.5960188004455
2010-02-12,255.99187576464783
2010-02-11,257.1284649837354
2010-02-10,258.0871180446059
2010-02-09,260.21310645172736
2010-02-08,260.92584589456374
2010-02-07,260.96419975527965
2010-02-06,261.1069738528455
2010-02-05,261.062455229171
2010-02-04,261.3652882779583
2010-02-03,262.4258084199244
2010-02-02,263.73598239063915
2010-02-01,265.1084775267781
2010-01-31,265.0241192509114
2010-01-30,264.4699450254479
2010-01-29,263.76253665583556
2010-01-28,264.86117612123314
2010-01-27,265.74931077808066
2010-01-26,266.74521732767994
2010-01-25,267.230862843006
2010-01-24,266.9856951485833
2010-01-23,265.8060694031584
2010-01-22,267.1546026463247
2010-01-21,266.3841961381812
2010-01-20,267.3177881056433
2010-01-19,267.7825553368087
2010-01-18,269.01609210823784
2010-01-17,267.93435069614003
2010-01-16,267.6076674304075
2010-01-15,267.2829298023043
2010-01-14,268.1877384069315
2010-01-13,269.0850319701999
2010-01-12,269.41805726287504
2010-01-11,270.0960839546803
2010-01-10,269.9816721842105
2010-01-09,269.17260676686783
2010-01-08,268.93014599466795
2010-01-07,268.96734828055327
2010-01-06,269.6454435706785
2010-01-05,270.03662887999457
2010-01-04,271.3578734799464
2010-01-03,271.87345910098935
2010-01-02,271.8826614187854
2010-01-01,270.6470820948431
2009-12-31,270.51760321921483
2009-12-30,271.06088698332053
2009-12-29,272.17757339113996
2009-12-28,273.1683996053611
2009-12-27,274.2888875637616
2009-12-26,274.2279921166618
2009-12-25,273.9486560427368
2009-12-24,274.26550519626835
2009-12-23,274.9656424519745
2009-12-22,276.81631828587666
2009-12-21,276.64992573973717
2009-12-20,277.9488190800126
2009-12-19,278.62456292358
2009-12-18,280.46533879578084
2009-12-17,281.32733304613674
2009-12-16,282.2310808500388
2009-12-15,284.0300118316248
2009-12-14,285.07096308070345
2009-12-13,285.8335213807114
2009-12-12,287.87192071794163
2009-12-11,288.3899603458673
2009-12-10,287.4041232006566
2009-12-09,288.46701914692477
2009-12-08,289.1858064210224
2009-12-07,290.6864197304467
2009-12-06,291.992452099473
2009-12-05,292.4395924467613
2009-12-04,293.27478369854725
2009-12-03,295.104705357791
2009-12-02,296.8637388918173
2009-12-01,299.2433507158952
2009-11-30,301.52453551041566
2009-11-29,302.74867164001466
2009-11-28,303.47604873271126
2009-11-27,304.397994844047
2009-11-26,306.2244399142118
2009-11-25,307.6286585926161
2009-11-24,309.00260720300815
2009-11-23,308.63033802161345
2009-11-22,309.9557686932984
2009-11-21,309.4521004890329
2009-11-20,309.79848019160755
2009-11-19,310.75327069089735
2009-11-18,313.150553454181
2009-11-17,314.67634245499136
2009-11-16,314.97830408139424
2009-11-15,314.1445835691591
2009-11-14,313.1153480959594
2009-11-13,314.2463423298166
2009-11-12,314.9111927552198
2009-11-11,315.48378774379535
2009-11-10,317.3715865671823
2009-11-09,318.2247188321056
2009-11-08,317.2594586837446
2009-11-07,315.566956095129
2009-11-06,316.09396103160896
2009-11-05,315.86232490898414
2009-11-04,316.563427832472
2009-11-03,317.1257838937636
2009-11-02,317.84843790197834
2009-11-01,316.4416738849065
2009-10-31,313.5427370280521
2009-10-30,313.05031955324745
2009-10-29,312.71207258782795
2009-10-28,311.6360856407787
2009-10-27,310.88882443212924
2009-10-26,310.769574707418
2009-10-25,308.6390926652994
2009-10-24,306.8982391244191
2009-10-23,304.64597636597085
2009-10-22,304.9577768124701
2009-10-21,302.4254412727923
2009-10-20,300.8935638269133
2009-10-19,299.2388688731966
2009-10-18,297.11149384368645
2009-10-17,294.5904993741408
2009-10-16,294.57219313992226
2009-10-15,294.10830555819655
2009-10-14,292.7354795550071
2009-10-13,290.2324359491147
2009-10-12,288.21004372549675
2009-10-11,288.12719828481704
2009-10-10,285.83838814083873
2009-10-09,284.6686193647221
2009-10-08,283.7738063939308
2009-10-07,282.2105909939989
2009-10-06,280.5962556657524
2009-10-05,279.83675243756346
2009-10-04,276.7219289181272
2009-10-03,273.31881513764625
2009-10-02,271.0089703522751
2009-10-01,269.43317170653756
2009-09-30,267.1134899401031
2009-09-29,265.3080955361927
2009-09-28,264.0126267133387
2009-09-27,261.38963054789883
2009-09-26,258.65552959467954
2009-09-25,257.16490607303365
2009-09-24,254.3738913770341
2009-09-23,252.00864621877005
2009-09-22,250.70416900687252
2009-09-21,249.41980033304256
2009-09-20,247.59699323841525
2009-09-19,244.65398273180165
2009-09-18,243.51003552855897
2009-09-17,243.6965428483126
2009-09-16,243.883292432852
2009-09-15,244.86149893847977
2009-09-14,245.3617395077917
2009-09-13,244.4099300510278
2009-09-12,243.82731031919835
2009-09-11,243.41827650495114
2009-09-10,244.77145600058594
2009-09-09,245.55154376340045
2009-09-08,247.8972879833384
2009-09-07,248.46722989762426
2009-09-06,247.76715230456148
2009-09-05,246.10482831863672
2009-09-04,245.72160905602817
2009-09-03,244.6887992696309
2009-09-02,246.5650003052921
2009-09-01,247.09609588418442
2009-08-31,246.56766181127932
2009-08-30,245.58201426202726
2009-08-29,245.10890723992804
2009-08-28,245.5426592045894
2009-08-27,246.2469813732397
2009-08-26,247.72860708046534
2009-08-25,249.86333590593972
2009-08-24,250.98105539231915
2009-08-23,250.83457621653466
2009-08-22,250.371762132767
2009-08-21,251.5849992919505
2009-08-20,252.0868404874206
2009-08-19,253.71668711080662
2009-08-18,255.34712033903563
2009-08-17,255.81850260013084
2009-08-16,254.4942766252116
2009-08-15,253.2895896634394
2009-08-14,253.85759653123404
2009-08-13,254.76509693565632
2009-08-12,255.92644721049263
2009-08-11,257.6803686585716
2009-08-10,259.6228938073949
2009-08-09,258.73115511750683
2009-08-08,257.7045499922598
2009-08-07,257.75867880541716
2009-08-06,258.1831726868293
2009-08-05,258.752222009456
2009-08-04,260.91329014463446
2009-08-03,261.4646469383521
2009-08-02,260.45404458568305
2009-08-01,259.5325903970657
2009-07-31,260.2752607243479
